id,abbreviation,full_form,comment,extent,source,link
1,ACQ,Erwerbungsmodul in Pica (Acqisitie en tijdschriftenadministratie),,,SUB Göttingen Intranet,
2,ADR,Alte Drucke,,,SUB Göttingen Intranet,
3,ASpB,Arbeitsgemeinschaft für Spezialbibliotheken,,,SUB Göttingen Intranet,
4,AUS,Ausleihe / Informationstheke / Magazin (ZB),,,SUB Göttingen Intranet,
5,BBG,Bereichsbibliotheken Geistes- und Gesellschaftswissenschaften,,,SUB Göttingen Intranet,
6,BBF,Bereichsbibliothek Forst,,,SUB Göttingen Intranet,
7,BBK,Bereichsbibliothek Kulturwissenschaften,,,SUB Göttingen Intranet,
8,BBM,Bereichsbibliothek Medizin,,,SUB Göttingen Intranet,
9,BBP,Bereichsbibliothek Physik,,,SUB Göttingen Intranet,
10,BBWiSo,Bereichsbibliothek Wirtschafts- und Sozialwissenschaften,,,SUB Göttingen Intranet,
11,BE,Benutzung,,,SUB Göttingen Intranet,
12,BIB,Berufsverband Information Bibliothek,,,SUB Göttingen Intranet,
13,BID,Bibliothek & Information Deutschland,,,SUB Göttingen Intranet,
14,BIS,Bibliothekssysteme,,,SUB Göttingen Intranet,
15,BK,Basisklassifikation,,,SUB Göttingen Intranet,
16,BNB,British National Bibliography,,,SUB Göttingen Intranet,
17,BSZ,Bibliotheksservice-Zentrum Baden-Württemberg,,,SUB Göttingen Intranet,
18,BUBI,Buchbinderei,,,SUB Göttingen Intranet,
19,BVB,Bayerischer Bibliotheksverbund,,,SUB Göttingen Intranet,
20,BWald,Bibliothek Waldweg,,,SUB Göttingen Intranet,
21,CERL,Consortium of European Research Libraries,,,SUB Göttingen Intranet,
22,CON,Controlling,,,SUB Göttingen Intranet,
23,D,Leitung SUB / Direktor,,,SUB Göttingen Intranet,
24,DAT,Forschungsdaten,,,SUB Göttingen Intranet,
25,DB,Digitale Bibliothek,,,SUB Göttingen Intranet,
26,DBIS,Datenbank Informationssystem,,,SUB Göttingen Intranet,
27,DBS,Deutsche Bibliotheksstatistik,,,SUB Göttingen Intranet,
28,dbv,Deutscher Bibliotheksverband,,,SUB Göttingen Intranet,
29,DDC,Dewey Decimal Classification,,,SUB Göttingen Intranet,
30,DFG,Deutsche Forschungsgemeinschaft,,,SUB Göttingen Intranet,
31,DFG AWBI,DFG-Ausschuss für Wissenschaftliche Bibliotheken und Informationssysteme,,,SUB Göttingen Intranet,
32,DFI,Forschungsinfrastrukturen virtuelle Forschungsumgebungen,,,SUB Göttingen Intranet,
33,DFN-Verein,Verein zur Förderung eines Deutschen Forschungsnetzes e.V.,,,SUB Göttingen Intranet,
34,DIH / DH,Digital Humanities,,,SUB Göttingen Intranet,
35,DIM,Digitale Medien,,,SUB Göttingen Intranet,
36,DINI,Deutsche Initiative für Netzwerkinformation e.V.,,,SUB Göttingen Intranet,
37,DST,stellvertretender Direktor,,,SUB Göttingen Intranet,
38,DZEI,DigiZeitschriften,,,SUB Göttingen Intranet,
39,EBLIDA,European Bureau of Library Information and Documentation Associations,,,SUB Göttingen Intranet,
40,ENT,Software- und Serviceentwicklung,,,SUB Göttingen Intranet,
41,EOSC,European Open Science Cloud,,,SUB Göttingen Intranet,
42,EPU,Elektronisches Publizieren,,,SUB Göttingen Intranet,
43,eRA,eResearch Alliance,,,SUB Göttingen Intranet,
44,ESFRI,European Strategy Forum on Research Infrastructure,,,SUB Göttingen Intranet,
45,EZB,Elektronische Zeitschriftenbibliothek,,,SUB Göttingen Intranet,
46,FE,Forschung und Entwicklung,,,SUB Göttingen Intranet,
47,FER,Fernleihe,,,SUB Göttingen Intranet,
48,FID,Fachinformationsdienste,,,SUB Göttingen Intranet,
49,FID AAC,Fachinformationsdienst Anglo-American Culture,,,SUB Göttingen Intranet,
50,FID FINNUG,Fachinformationsdienst  finnisch-ugrische / uralische Sprachen Literaturen und Kulturen,,,SUB Göttingen Intranet,
51,FID GEO,Fachinformationsdienst Geowissenschaften der festen Erde,,,SUB Göttingen Intranet,
52,FOBI,Fortbildungsbeauftragte,,,SUB Göttingen Intranet,
53,FoDEx,Forschungs- und Dokumentationsstelle zur Analyse politischer und religiöser Extremismen in Niedersachsen,,,SUB Göttingen Intranet,
54,FOSTER,Facilitate Open Science Training For European Research,,,SUB Göttingen Intranet,
55,GBV,Gemeinsamer Bibliotheksverbund,,,SUB Göttingen Intranet,
56,GCDH,Göttingen Centre for Digital Humanities,,,SUB Göttingen Intranet,
57,GLF,Gesamtleitung Fachreferate,,,SUB Göttingen Intranet,
58,GM,Gebäudemanagement der Georg-August-Universität Göttingen,,,SUB Göttingen Intranet,
59,GND,Gemeinsame Normdatei,,,SUB Göttingen Intranet,
60,GOK,Göttinger Online-Klassifikation,,,SUB Göttingen Intranet,
61,GRO,Göttingen Research Online,,,SUB Göttingen Intranet,
62,GUK,Göttinger Universitätskatalog,,,SUB Göttingen Intranet,
63,GWK,Gemeinsame Wissenschaftskonferenz,,,SUB Göttingen Intranet,
64,GWDG,Hochschulrechenzentrum der Georg-August-Universität Göttingen,,,SUB Göttingen Intranet,
65,HBZ,Hochschulbibliothekszentrum Nordrhein-Westfalen,,,SUB Göttingen Intranet,
66,HeBIS,Hessisches Bibliotheks- und Informationszentrum,,,SUB Göttingen Intranet,
67,HHSM,Hausmeister,,,SUB Göttingen Intranet,
68,HLOG,Logistik,,,SUB Göttingen Intranet,
69,HSD,Handschriften,,,SUB Göttingen Intranet,
70,IFLA,International Federation of Library Associations and Institutions,,,SUB Göttingen Intranet,
71,IG,Informations und Literaturversorgung G (Fachreferate Geisteswissenschaften),,,SUB Göttingen Intranet,
72,IIIF,International Image Interoperability Framework,,,SUB Göttingen Intranet,
73,IN,Informations und Literaturversorgung N (Fachreferate Naturwissenschaften),,,SUB Göttingen Intranet,
74,INF,Informationszentrum / Informationstheke,,,SUB Göttingen Intranet,
75,ITI,IT-Infrastruktur,,,SUB Göttingen Intranet,
76,IZ,Informations und Literaturversorgung Z (Zentrale Erwerbung und Erschließung),,,SUB Göttingen Intranet,
77,KEK,Koordinierungsstelle für die Erhaltung des schriftlichen Kulturguts,,,SUB Göttingen Intranet,
78,KfL,Kompetenzzentrum für Lizenzierung,,,SUB Göttingen Intranet,
79,KOBV,Kooperativer Bibliotheksverbund Berlin-Brandenburg,,,SUB Göttingen Intranet,
80,KTS,Kartensammlung,,,SUB Göttingen Intranet,
81,KVK,Karlsruher Virtueller Katalog,,,SUB Göttingen Intranet,
82,LHK,Landeshochschulkonferenz des Landes Niedersachsen,,,SUB Göttingen Intranet,
83,LoC,Library of Congress,,,SUB Göttingen Intranet,
84,LSG,Lern- und Studiengebäude Göttingen,,,SUB Göttingen Intranet,
85,MARC,Machine-Readable-Cataloging,,,SUB Göttingen Intranet,
86,MET,Metadaten und Datenkonversion,,,SUB Göttingen Intranet,
87,MPDL,Max Planck Digital Library,,,SUB Göttingen Intranet,
88,MWK,Niedersächsisches Ministerium für Wissenschaft und Kultur,,,SUB Göttingen Intranet,
89,NDSK,Niedersachsen-Konsortium,,,SUB Göttingen Intranet,
90,NFDI,Nationale Forschungsdateninfrakstruktur,,,SUB Göttingen Intranet,
91,NOAK,Nationaler Open-Access-Kontaktpunkt (https://www.oa2020-de.org/),,,SUB Göttingen Intranet,
92,Ö,Öffentlichkeitsarbeit,,,SUB Göttingen Intranet,
93,OCLC,Online Computer Library Center,,,SUB Göttingen Intranet,
94,P,Personal,,,SUB Göttingen Intranet,
95,PBUE,Personalbüro,,,SUB Göttingen Intranet,
96,Pica,Project for Integrated Catalogue Automation,,,SUB Göttingen Intranet,
97,PRM,Print-Medien,,,SUB Göttingen Intranet,
98,ProjB,Projektbüro,,,SUB Göttingen Intranet,
99,R/DLZ,Finanzen,,,SUB Göttingen Intranet,
100,RBS,Raumverbuchungssystem,,,SUB Göttingen Intranet,
101,RDA,Resource Description and Access,,,SUB Göttingen Intranet,
102,REKA,Retrokatalogisierung,,,SUB Göttingen Intranet,
103,REP,Reproduktion,,,SUB Göttingen Intranet,
104,REST,Restaurierung,,,SUB Göttingen Intranet,
105,RfII,Rat für Informationsinfrastrukturen,,,SUB Göttingen Intranet,
106,S,Sekretariat,,,SUB Göttingen Intranet,
107,SG,Servicegruppe,,,SUB Göttingen Intranet,
108,SHk,Studentische Hilfskräfte,,,SUB Göttingen Intranet,
109,SNIC,SüdniedersachsenInnovationsCampus,,,SUB Göttingen Intranet,
110,SP,Spezialsammlungen und Bestandserhaltung,,,SUB Göttingen Intranet,
111,SQK,Studienqualitätskommission,,,SUB Göttingen Intranet,
112,SQM,Studienqualitätsmittel,,,SUB Göttingen Intranet,
113,SWB,Südwestdeutscher Bibliotheksverbund,,,SUB Göttingen Intranet,
114,SZH,Service Zentrum Hochschulbibliothek,,,SUB Göttingen Intranet,
115,UAG,Universitätsarchiv,,,SUB Göttingen Intranet,
116,UDL,Universität des Dritten Lebensalters,,,SUB Göttingen Intranet,
117,UFO,Unterbudgetierungsformular,,,SUB Göttingen Intranet,
118,UMG,Universitätsmedizin Göttingen,,,SUB Göttingen Intranet,
119,UNVE,Universitätsverlag,,,SUB Göttingen Intranet,
120,VD 16,Verzeichnis deutscher Drucke des 16. Jahrhunderts,,,SUB Göttingen Intranet,
121,VD 17,Verzeichnis deutscher Drucke des 17. Jahrhunderts,,,SUB Göttingen Intranet,
122,VD 18,Verzeichnis deutscher Drucke des 18. Jahrhunderts,,,SUB Göttingen Intranet,
123,VDB,Verein Deutscher Bibliothekarinnen und Bibliothekare,,,SUB Göttingen Intranet,
124,VID,Videoproduktion,,,SUB Göttingen Intranet,
125,VLB,Verzeichnis lieferbarer Bücher,,,SUB Göttingen Intranet,
126,VZÄ,Vollzeitäquivalent,,,SUB Göttingen Intranet,
127,WAG,Wissen als Gemeingut,,,SUB Göttingen Intranet,
128,WALD,Bibliothek Waldweg,,,SUB Göttingen Intranet,
129,ZRSE,Zentralredaktion Sacherschließung,,,SUB Göttingen Intranet,
130,ZVAB,Zentralverzeichnis antiquarischer Bücher,,,SUB Göttingen Intranet,
131,AACR ,Anglo-American Cataloguing Rules ,Regelwerk,,German Wikipedia,
132,AfS ,Arbeitsstelle für Standardisierung ,,,German Wikipedia,
133,AKThB ,Arbeitsgemeinschaft Katholisch-Theologischer Bibliotheken ,Organisation,,German Wikipedia,
134,ALA ,American Library Association ,Organisation,,German Wikipedia,
135,ALEPH ,Automated Library Expandable Program Hebrew University of Jerusalem ,Software,,German Wikipedia,
136,ANNO ,Austrian Newspapers Online ,,,German Wikipedia,
137,BA ,Berliner Anweisungen ,Regelwerk,,German Wikipedia,
138,BIB ,Berufsverband Information Bibliothek ,Organisation,,German Wikipedia,
139,BIBFRAME ,Bibliographic Framework Transition Initiative ,Format,,German Wikipedia,
140,BIBOS ,Bibliotheksorganisationssystem ,Software,,German Wikipedia,
141,BID ,Bibliothek & Information Deutschland ,Organisation,,German Wikipedia,
142,BID ,"Bibliotheks-, Informations- und Dokumentationswissenschaft ",,,German Wikipedia,
143,BIS-C ,,Software,,German Wikipedia,
144,BK ,Basisklassifikation ,Klassifikation,,German Wikipedia,
145,BL ,British Library ,Bibliothek,,German Wikipedia,
146,BuB ,Bücherei und Bildung ,Zeitschrift,,German Wikipedia,
147,BVB ,Bibliotheksverbund Bayern ,Organisation,,German Wikipedia,
148,BVÖ ,Büchereiverband Österreichs ,Organisation,,German Wikipedia,
149,CILIP ,Chartered Institute of Library and Information Professionals ,Organisation,,German Wikipedia,
150,CLA ,Canadian Library Association ,Organisation,,German Wikipedia,
151,DBI ,Deutsches Bibliotheksinstitut ,Organisation,,German Wikipedia,
152,dbv ,Deutscher Bibliotheksverband ,Organisation,,German Wikipedia,
153,DCMES ,Dublin Core Metadata Element Set ,,,German Wikipedia,
154,DCMI ,Dublin Core Metadata Initiative ,,,German Wikipedia,
155,DDC ,Dewey-Dezimalklassifikation ,Klassifikation,,German Wikipedia,
156,DMA ,Deutsches Musikarchiv ,,,German Wikipedia,
157,DMA-EST-Datei ,Einheitssachtitel-Datei des Deutschen Musikarchivs ,Normdatei,,German Wikipedia,
158,DNB ,Deutsche Nationalbibliothek ,Bibliothek,,German Wikipedia,
159,EBLIDA ,"European Bureau of Library, Information and Documentation Associations ",Organisation,,German Wikipedia,
160,ekz ,ekz.bibliotheksservice ,Lieferant,,German Wikipedia,
161,FRAD ,Functional Requirements for Authority Data ,,,German Wikipedia,
162,FRBR ,Functional Requirements for Bibliographic Records ,,,German Wikipedia,
163,FRSAD ,Functional Requirements for Subject Authority Data ,,,German Wikipedia,
164,GASCO ,"German, Austrian and Swiss Consortia Organisation ",Organisation,,German Wikipedia,
165,GBV ,Gemeinsamer Bibliotheksverbund ,Organisation,,German Wikipedia,
166,GKD ,Gemeinsame Körperschaftsdatei ,Normdatei,,German Wikipedia,
167,GND ,Gemeinsame Normdatei ,Normdatei,,German Wikipedia,
168,GVK ,Gemeinsamer Verbundkatalog ,,,German Wikipedia,
169,hbz ,Hochschulbibliothekszentrum des Landes Nordrhein-Westfalen ,Organisation,,German Wikipedia,
170,HeBIS ,Hessisches BibliotheksInformationsSystem ,Organisation,,German Wikipedia,
171,HOBSY ,Hannoversches Online-Bibliothekssystem ,,,German Wikipedia,
172,ICP ,International Cataloguing Principles ,,,German Wikipedia,
173,IPAC ,Imagekatalog ,Katalogart,,German Wikipedia,
174,JSC ,Joint Steering Committee ,,,German Wikipedia,
175,IDS ,Informationsverbund Deutschschweiz ,Organisation,,German Wikipedia,
176,IFLA ,International Federation of Library Associations and Institutions ,Organisation,,German Wikipedia,
177,ISBD ,International Standard Bibliographic Description ,,,German Wikipedia,
178,ISIL ,International Standard Identifier for Libraries and Related Organizations ,,,German Wikipedia,
179,KF ,Kleiner Fuchs ,Regelwerk,,German Wikipedia,
180,KOBV ,Kooperativer Bibliotheksverbund Berlin-Brandenburg ,Organisation,,German Wikipedia,
181,KVK ,Karlsruher Virtueller Katalog ,,,German Wikipedia,
182,LCC ,Library of Congress Classification ,Klassifikation,,German Wikipedia,
183,LCNAF ,Library of Congress Name Authority File ,Normdatei,,German Wikipedia,
184,LIBRIS ,LIBRary Information System ,Organisation,,German Wikipedia,
185,LoC ,Library of Congress ,Bibliothek,,German Wikipedia,
186,MAB ,Maschinelles Austauschformat für Bibliotheken ,Format,,German Wikipedia,
187,MARC ,Machine-Readable Cataloging ,Format,,German Wikipedia,
188,MBA ,Maschinelles Austauschformat für Bibliotheken ,Format,,German Wikipedia,
189,MK ,Münchner Katalogordnung ,Regelwerk,,German Wikipedia,
190,NBM ,Nichtbuchmaterialien ,,,German Wikipedia,
191,NDMSO ,Network Development and MARC Standards Office ,,,German Wikipedia,
192,OBV ,Österreichischer Bibliothekenverbund ,Organisation,,German Wikipedia,
193,OCLC ,Online Computer Library Center ,,,German Wikipedia,
194,ÖNB ,Österreichische Nationalbibliothek ,Bibliothek,,German Wikipedia,
195,OPAC ,Online Public Access Catalogue ,Katalogart,,German Wikipedia,
196,PND ,Personennamendatei ,Normdatei,,German Wikipedia,
197,PI ,Preußische Instruktionen ,Regelwerk,,German Wikipedia,
198,PICA ,Project of integrated catalogue automation ,Software,,German Wikipedia,
199,RAK ,Regeln für die alphabetische Katalogisierung ,Regelwerk,,German Wikipedia,
200,RAK-Musik ,Regeln für die alphabetische Katalogisierung von Ausgaben musikalischer Werke ,Regelwerk,,German Wikipedia,
201,RAK-NBM ,Regeln für die alphabetische Katalogisierung von Nichtbuchmaterialien ,Regelwerk,,German Wikipedia,
202,RAK-ÖB ,Regeln für die alphabetische Katalogisierung in öffentlichen Bibliotheken ,Regelwerk,,German Wikipedia,
203,RAK-WB ,Regeln für die alphabetische Katalogisierung in wissenschaftlichen Bibliotheken ,Regelwerk,,German Wikipedia,
204,RDA ,Resource Description and Access ,Regelwerk,,German Wikipedia,
205,RERO ,Westschweizer Bibliotheksverbund ,Organisation,,German Wikipedia,
206,RFK ,Regeln für die Formalkatalogisierung ,Regelwerk,,German Wikipedia,
207,RNA ,Regeln zur Erschließung von Nachlässen und Autographen ,Regelwerk,,German Wikipedia,
208,RSWK ,Regeln für den Schlagwortkatalog ,Regelwerk,,German Wikipedia,
209,RVK ,Regensburger Verbundklassifikation ,Klassifikation,,German Wikipedia,
210,SBN ,Servizio Bibliotecario Nazionale ,Organisation,,German Wikipedia,
211,Sbt ,Sistema bibliotecario ticinese ,Organisation,,German Wikipedia,
212,SGBN ,St. Galler Bibliotheksnetz ,Organisation,,German Wikipedia,
213,SWB ,Südwestdeutscher Bibliotheksverbund ,Organisation,,German Wikipedia,
214,SWD ,Schlagwortnormdatei ,Normdatei,,German Wikipedia,
215,UDK ,Universelle Dezimalklassifikation ,Klassifikation,,German Wikipedia,
216,VDB ,Verein Deutscher Bibliothekarinnen und Bibliothekare ,Organisation,,German Wikipedia,
217,VIAF ,Virtual International Authority File ,Normdatei,,German Wikipedia,
218,VÖB ,Vereinigung Österreichischer Bibliothekarinnen und Bibliothekare ,Organisation,,German Wikipedia,
219,VÖBB ,Verbund Öffentlicher Bibliotheken Berlins ,Organisation,,German Wikipedia,
220,WorldCat ,World Catalogue ,Katalog,,German Wikipedia,
221,ZDB ,Zeitschriftendatenbank ,Datenbank ,,German Wikipedia,
222,AACR ,Angloamerican Cataloguing Rules,,,GBV,
223,ABES ,Agence bibliographique de l'enseignement supérieur,,,GBV,
224,ACQ ,Erwerbungsmodul,,,GBV,
225,AIDA ,Bibliographie der wissenschaftlichen italienischen Zeitschriftenliteratur,,,GBV,
226,AKL-IKD ,Allgemeines Künstlerlexikon - Int. Künstlerdatenbank,,,GBV,
227,ARL ,Association of Research Libraries,,,GBV,
228,ASpB ,Arbeitsgemeinschaft der Spezialbibliotheken,,,GBV,
229,BIS ,Bibliotheksinformationssystem,,,GBV,
230,BKL ,Basisklassifikation,,,GBV,
231,BLPC ,British Library Public Catalogue,,,GBV,
232,BMELV ,"Bundesministerium für Ernährung, Landwirtschaft und Verbraucherschutz",,,GBV,
233,BMS ,Bibliographie des Musikschrifttums,,,GBV,
234,BNB ,British National Bibliography,,,GBV,
235,BRZN ,Bibliotheksrechenzentrum Niedersachsen,,,GBV,
236,BSZ ,Bibliotheksservice-Zentrum,,,GBV,
237,BVB ,Bibliotheksverbund Bayern,,,GBV,
238,CBS ,Zentrales Katalogisierungssystem,,,GBV,
239,DBL ,Deutsche Bücherei Leipzig,,,GBV,
240,DBV ,Deutscher Bibliotheksverband,,,GBV,
241,DDB ,Die Deutsche Bibliothek,,,GBV,
242,DDC ,Dewey Decimal Classification,"Klassifikationssystem, das weltweit am häufigsten angewandt wird.",,GBV,
243,DFG ,Deutsche Forschungsgemeinschaft,,,GBV,
244,DFN ,Deutsches Forschungsnetz,,,GBV,
245,DIEPER ,Digitised European Periodicals,,,GBV,
246,DIMDI ,Deutsches Institut für Med. Dokumentation und Information,,,GBV,
247,DINI ,Deutsche Initiative für Netzwerkinformation,,,GBV,
248,DMA ,Deutsches Musik Archiv,,,GBV,
249,DMS ,Dokument-Management-System,,,GBV,
250,DNB ,Deutsche Nationalbibliothek,,,GBV,
251,DOAJ ,Directory of Open Access Journals,,,GBV,
252,DoD ,Document Order and Delivery,,,GBV,
253,EDBI ,Ehemaliges Deutsches Bibliotheksinstitut,,,GBV,
254,ekz ,Einkaufszentrale für Bibliotheken,,,GBV,
255,EROMM ,Europäisches Register der Mikroformmaster und digitalen Master,,,GBV,
256,EST-Datei ,Einheitssachtitel-Datei,,,GBV,
257,EZB ,Elektronische Zeitschriften Bibliothek,,,GBV,
258,EZUL ,Elektronische Zeitschriften in der überregionalen Literaturversorgung,,,GBV,
259,FAG ,Facharbeitsgruppe,,,GBV,
260,FB ,Fachbereich,,,GBV,
261,FH ,Fachhochschule,,,GBV,
262,FIZ ,Fachinformationszentrum,,,GBV,
263,FLB ,Forschungs- und Landesbibliothek,,,GBV,
264,FLS ,Fernleihsystem,,,GBV,
265,GABRIEL ,Informationsdienst Europäischer Nationalbibliotheken,,,GBV,
266,GBV ,Gemeinsamer Bibliotheksverbund,,,GBV,
267,GDZ ,Göttinger Digitalisierungszentrum,,,GBV,
268,GKD ,Gemeinsame Körperschaftsdatei,,,GBV,
269,GSO ,GBVsearch&order,,,GBV,
270,GVK ,Gemeinsamer Verbundkatalog des GBV,,,GBV,
271,HBFG ,Hochschulbauförderungsgesetz,,,GBV,
272,HBZ ,Hochschulbibliothekszentrum des Landes Nordrhein-Westfalen,,,GBV,
273,HeBIS ,Hessisches Bibliotheks-Informationssystem,,,GBV,
274,HS ,Hochschule,,,GBV,
275,IBR ,Internationale Bibliographie der geistes- und sozialwissenschaftlichen Zeitschriftenliteratur,,,GBV,
276,IBW ,Intelligent Bibliographic Workstation,,,GBV,
277,IBZ ,Internationale Bibliographie der Zeitschriftenliteratur aus allen Gebieten des Wissens,,,GBV,
278,IDZ18 ,Index deutschsprachiger Zeitschriften des 18. Jh.,,,GBV,
279,IJBF ,Internationale Jahresbibliographie der Festschriften,,,GBV,
280,IJBK ,Internationale Jahresbibliographie der Kongressberichte,,,GBV,
281,IJBR ,Internationale Bibliographie der Rezensionen,,,GBV,
282,IKAR ,Altkartendatenbank mit Landkartendrucken vor 1850,,,GBV,
283,ILL ,Inter-Library-Loan,,,GBV,
284,ILTIS ,"Das Integrierte Literatur-, Tonträger- und Musikalien-Informationssystem der Deutschen Bibliothek",,,GBV,
285,iPort ,Software mit deren Hilfe mehrere Datenbanken gleichzeitig durchsucht werden können,,,GBV,
286,ISBN ,International Standard Book Number,"Ein international verwendetes, maschinenlesbares eindeutiges Identifikationsmerkmal, das aus zehn Ziffern besteht, die das Land (1.Teil), den Verlag (2. Teil) und den Titel (3. Teil) repräsentieren. Der 4. Teil ist eine Kontrollnummer",,GBV,
287,ISSN ,International Standard Serial Number,"Eine achtstellige Nummer, die - analog zur ISBN für Bücher - für Zeitschriften, Zeitungen, Reihen und Serien vergeben wird. Sie enthält jedoch keinen Länder- und Verlagscode.",,GBV,
288,KMK ,Kultusministerkonferenz,,,,
289,KNB ,Kompetenznetzwerk Bibliotheken,,,GBV,
290,KOBV ,Kooperativer Bibliotheksverbund Berlin-Brandenburg,,,GBV,
291,KVK ,Karlsruher Virtueller Verbund,,,GBV,
292,LB ,Landesbibliothek,,,GBV,
293,LBS ,Lokales Bibliothekssystem,,,GBV,
294,LC ,Library of Congress,,,GBV,
295,LCC ,Library of Congress Classification,,,GBV,
296,LCSH ,Library of Congress Subject Headings,,,GBV,
297,LHM ,Local Holding Message,,,GBV,
298,LoC ,Library of Congress Online Catalog,,,GBV,
299,LS ,Library Service,,,GBV,
300,LVO ,Leihverkehrsordnung,,,GBV,
301,LVZ ,Leihverkehrszentrale,,,GBV,
302,MAB ,Maschinelles Austauschformat für Bibliotheken,,,GBV,
303,MARC21 ,Machine-Readable Catalog,,,GBV,
304,MeSH ,Medical Subject Headings,,,GBV,
305,MPI ,Max-Planck-Institut,,,GBV,
306,MWK ,Ministerium für Wissenschaft und Kultur,,,GBV,
307,NBV ,Norddeutscher Bibliotheksverbund,,,GBV,
308,NCC ,Nederlandse Centrale Catalogus,,,GBV,
309,NG ,Nutzergruppe,,,GBV,
310,NHI ,Neue Hanse Interregio,,,GBV,
311,NZK ,Niedersächsischer Zentralkatalog,,,GBV,
312,NZN ,Niedersächsischer Zeitschriftennachweis,,,GBV,
313,OAI ,Open Archives Initiative,,,GBV,
314,OBN ,Open library Network,,,GBV,
315,OBVSG ,Österreichischer Bibliotheksverbund und Service GmbH,,,GBV,
316,OCLC ,Online Computer Library Center,,,GBV,
317,OCLC|PICA ,Centrum voor Bibliotheekautomatisering,,,GBV,
318,ÖB ,Öffentliche Bibliothek,,,GBV,
319,OLC ,Online Contents,,,GBV,
320,OLF ,Online Update Fetch,,,GBV,
321,OLR ,Online Ressourcen,,,GBV,
322,OPAC ,Online Public Access Catalogue,,,GBV,
323,OUS ,Ausleihmodul,,,GBV,
324,ÖVK ,Verbundkatalog Öffentlicher Bibliotheken,,,GBV,
325,ÖVP ,Verbundportal Öffentlicher Bibliotheken,,,GBV,
326,OWC ,Online Work Catalogue,,,GBV,
327,PCI ,Periodicals Contents Index,,,GBV,
328,PDD ,Portal Digitaler Drucke,,,GBV,
329,PK ,Preußischer Kulturbesitz,,,GBV,
330,PND ,Personennamendatei,,,GBV,
331,PSI ,PicaSearch&Index Software,,,GBV,
332,RAK-WB ,Regeln für die alphabetische Katalogisierung in wissenschaftlichen Bibliotheken,,,GBV,
333,RDA ,Resource Description and Access,,,GBV,
334,RK ,Regionalkatalog,,,GBV,
335,RLG ,Research Libraries Group,,,GBV,
336,RVK ,Regensburger Verbundklassifikation,,,GBV,
337,SDD ,Sammlung Deutscher Drucke,,,GBV,
338,SDI ,individueller Profildienst (Selective Dissemination of Information) bei der Recherche von Neuerwerbungen,,,GBV,
339,SMS ,Smart Mapping Service,,,GBV,
340,SPK ,Stiftung Preußischer Kulturbesitz,,,GBV,
341,SQL ,Structured Query Language,,,GBV,
342,SRO ,Search and Retrieval via URL,,,GBV,
343,SSG ,Sondersammelgebiet,,,GBV,
344,SSL ,Secure Socket Layer,,,GBV,
345,StaBi ,Staatsbibliothek,,,GBV,
346,StB ,Stadtbibliothek,,,GBV,
347,SUB ,Staats- und Universitätsbibliothek,,,GBV,
348,Subito ,Dokumentlieferdienst internationaler Bibliotheken,,,GBV,
349,SWB ,Südwestdeutscher Bibliotheksverbund,,,GBV,
350,SWD ,Schlagwortnormdatei,,,GBV,
351,ToC ,Table of Contents,,,GBV,
352,UAG ,Unterarbeitsgruppe,,,GBV,
353,UB ,Universitätsbibliothek,,,GBV,
354,ULB ,Universitäts- und Landesbibliothek,,,GBV,
355,URL ,Uniform Resource Locator,,,GBV,
356,URN ,Uniform Resource Name,,,GBV,
357,USMARC ,Amerikanische Variante des MARC-Formates (MARC = Machine Readable Catalogue),,,GBV,
358,VD17 ,Das Verzeichnis der im deutschen Sprachraum erschienenen Drucke des 17. Jahrhunderts,,,GBV,
359,ViFa ,Virtuelle Fachbibliothek,,,GBV,
360,VFL ,Verbundübergreifende Fernleihe,,,GBV,
361,VHO ,Virtual Home Organisation,,,GBV,
362,VK ,Verbundkatalog,,,GBV,
363,VKI ,Verbundkatalog Internetquellen,,,GBV,
364,VZG ,Verbundzentrale des GBV,,,GBV,
365,WAO ,World Affairs Online,,,GBV,
366,WeBis ,WEB-Bibliotheks-Informations-System,,,GBV,
367,WinIBW ,Windows-Version der IBW (= Intelligent Bibliographic Workstation),,,GBV,
368,WWW ,World Wide Web,,,GBV,
369,ZD ,Zeitschriftendienst,,,GBV,
370,ZDB ,Zeitschriftendatenbank,,,GBV,
371,ZFL ,Zentraler Fernleihserver,,,GBV,
372,ZR ,Zentralregulierung,,,GBV,
373,ZVDD ,Zentrales Verzeichnis Digitaler Drucke,,,GBV,
374,AAD,Access to Archival Databases,,,nestor,
375,ADR,Advanced Digital Recording,,,nestor,
376,AfP,Zeitschrift für Medien- und Kommunikationsrecht,,,nestor,
377,AFR,Annulized Failure Time,,,nestor,
378,AGLS,Australian Government Locator Service,,,nestor,
379,AHDS,Arts and Humanities Data Service,,,nestor,
380,AIP,Archival Information Package,,,nestor,
381,AIT,Advanced Intelligent Tape,,,nestor,
382,AJAX,Asynchronous JavaScript and XML,,,nestor,
383,AKB,Staatliche Akademie der Bildenden Künste ,,,nestor,
384,AKEA,Arbeitskreis Elektronische Archivierung des Verbands der Wirtschaftsarchive,,,nestor,
385,ANSI,American National Standards Institute,,,nestor,
386,AOLA,Austrian On-Line Archive,,,nestor,
387,AP,Arbeitspaket,,,nestor,
388,ARNE,Archivierung von Netzressourcen des Deutschen Bundestages,,,nestor,
389,ASCII,American Standard Code for Information Interchange,,,nestor,
390,ATA,Advanced Technology Attachment,,,nestor,
391,AVC,Advanced Video Coding,,,nestor,
392,AVCHD,Advanced Video Codec High Definition,,,nestor,
393,AVI,Audio Video Interleave,,,nestor,
394,AWV,Arbeitsgemeinschaft für wirtschaftliche Verwaltung e.V.,,,nestor,
395,B,Byte,,,nestor,
396,BABS,Bibliothekarisches Archivierungs- und Bereitstellungssystem der Bayerischen Staatsbibliothek,,,nestor,
397,BAM,"Bibliotheken, Archive und Museen",,,nestor,
398,BD,Blu-ray Disk,,,nestor,
399,BDSG,Bundesdatenschutzgesetz,,,nestor,
400,BGB,Bürgerliches Gesetzbuch,,,nestor,
401,BGBl,Bundesgesetzblatt,,,nestor,
402,BGH,Bundesgerichtshof,,,nestor,
403,bit,binary digit,,,nestor,
404,BL,British Library,,,nestor,
405,BMBF,Bundesministerium für Bildung und Forschung,,,nestor,
406,BMF,Broadcast Metadata Exchange Format,,,nestor,
407,BMWi,Bundesministerium für Wirtschaft und Technologie (BMWi),,,nestor,
408,BSB,Bayerische Staatsbibliothek,,,nestor,
409,BSI,Bundesamt für Sicherheit in der Informationstechnik,,,nestor,
410,BSZ,Bibliotheksservice-Zentrum Baden-Württemberg,,,nestor,
411,BT-Drs,Bundestagsdrucksache,,,nestor,
412,CAD,Computer Aided Design,,,nestor,
413,CAS,Content Addressed Storage,,,nestor,
414,CC,Creative Commons,,,nestor,
415,CCD,Charge-coupled Device,,,nestor,
416,CCSDS,The Consultative Committee for Space Data Systems,,,nestor,
417,CD,Compact Disc,,,nestor,
418,CD-ROM,Compact Disc Read-Only Memory,,,nestor,
419,CD±RW,Compact Disk±Read/Write,,,nestor,
420,CDWA,Categories for the Description of Works of Art,,,nestor,
421,CEN,Comité Européen de Normalisation,,,nestor,
422,CENL,Conference of European National Librarians,,,nestor,
423,CERN,Conseil Européen pour la Recherche Nucléaire,,,nestor,
424,CF,Compact Flash,,,nestor,
425,CIDOC-CRM,International Committee for Documentation - Conceptual Reference Model,,,nestor,
426,CLOCKSS,Controlled Lots of Copies Keep Stuff Safe,,,nestor,
427,CMS,Cryptographic Message Syntax,,,nestor,
428,CMS,Content Management System,,,nestor,
429,CNRI,Corporation for National Research Initiatives,,,nestor,
430,Codec,Compression - Decompression,,,nestor,
431,COM,Computer Output on Microfilm/-fiche,,,nestor,
432,CRiB,Conversion and Recommendation of Digital Object Formats,,,nestor,
433,CRIG,Common Repository Interfaces Group,,,nestor,
434,CRL,Center for Research Libraries,,,nestor,
435,DACHS,Digital Archive for Chinese Studies,,,nestor,
436,DAT,Digital Audio Tapes,,,nestor,
437,DC,Dublin Core,,,nestor,
438,DCC,Digital Curation Centre,,,nestor,
439,DCT,Discrete Cosine Transform - Diskrete Kosinustransformation,,,nestor,
440,DDC,Dewey Decimal Classification,,,nestor,
441,DFG,Deutsche Forschungsgemeinschaft,,,nestor,
442,DIAS,Digital Information Archiving System,,,nestor,
443,DIDL,Digital Item Declaration Language,,,nestor,
444,DigCCurr,Digital Curation Curriculum,,,nestor,
445,DigiTool,Digital Asset Management Tool,,,nestor,
446,DIMAG,Digitales Magazin (des Landesarchivs Baden-Württemberg),,,nestor,
447,DIN,Deutsches Institut für Normung,,,nestor,
448,DINI,Deutsche Initiative für Netzwerkinformation,,,nestor,
449,DIN-NABD,Deutsches Institut für Normung - Normenausschuss Bibliotheks- und Dokumentationswesen,,,nestor,
450,DIP,Dissemination Information Package,,,nestor,
451,DL,Dual-Layer,,,nestor,
452,DLT,Digital Linear Tape,,,nestor,
453,dLZA,Digitale Langzeitarchivierung,,,nestor,
454,DMS,Document Management System,,,nestor,
455,DMSS,Digital-Mass-Storage-Systems,,,nestor,
456,DNB,Deutsche Nationalbibliothek,,,nestor,
457,DNBG,Gesetz über die Deutsche Nationalbibliothek,,,nestor,
458,DNG,Digital Negative,,,nestor,
459,DOAR,Directory of Open Access Repositories,,,nestor,
460,DOI,Digital Object Identifier,,,nestor,
461,DOMEA,Dokumentenmanagement und elektronische Archivierung in der öffentlichen Verwaltung,,,nestor,
462,DOS,Disk Operating System,,,nestor,
463,DPC,Digital Preservation Coalition,,,nestor,
464,DPE,Digital Preservation Europe,,,nestor,
465,DRAMBORA,Digital Repository Audit Method Based on Risk Assessment,,,nestor,
466,DRIVER,Digital Repository Infrastructure Vision for European Research,,,nestor,
467,DRM,Digital Rights Management,,,nestor,
468,DROID,Digital Record Object Identification,,,nestor,
469,DTF,Digital Tape Format,,,nestor,
470,DV,Digital Video,,,nestor,
471,DVD,Digital Versatile Disc,,,nestor,
472,DVI,Digital Visual Interface,,,nestor,
473,EBU,European Broadcast Union,,,nestor,
474,ECM,Enterprise-Content-Management,,,nestor,
475,ECTS,European Credit Transfer System,,,nestor,
476,EDV,Elektronische Datenverarbeitung,,,nestor,
477,EEPROM,Electrically Erasable Programmable Read Only Memory,,,nestor,
478,ELAK,Elektronischer Akt für die Verwaltung,,,nestor,
479,ELAN,eLearning Academic Network Niedersachsen,,,nestor,
480,e-Learning,electronic learning,,,nestor,
481,EPK,Ereignisgesteuerte Prozessketten,,,nestor,
482,EPROMS,Erasable Programmable Read Only Memory,,,nestor,
483,EPS,Encapsulated Postscript,,,nestor,
484,ERPANET,Electronic Resource Preservation and Access Network,,,nestor,
485,EU,Europäische Union,,,nestor,
486,EuGH,Europäischer Gerichtshof,,,nestor,
487,FBAS,Farb-Bild-Austast-Synchron(-Signal),,,nestor,
488,FC,Fibre Channel,,,nestor,
489,FCLA,Florida Center for Library Automation,,,nestor,
490,FD,Floppy Disk,,,nestor,
491,Fedora,Flexible Extensible Digital Object and Repository Architecture,,,nestor,
492,FEP,Federation of European Publishers,,,nestor,
493,FESAD,Fernseharchivdatenbank,,,nestor,
494,FH,Fachhochschule,,,nestor,
495,FTP,File Transfer Protocol,,,nestor,
496,FUSE,Filesystem in Userspace,,,nestor,
497,GB,Giga-Byte,,,nestor,
498,GDFR,Global Digital Format Registry,,,nestor,
499,GDPdU,Grundsätze zum Datenzugriff und zur Prüfbarkeit digitaler Unterlagen,,,nestor,
500,GenTAufzV,Gentechnikaufzeichnungsverordnung,,,nestor,
501,GEVER,Geschäftsverwaltung,,,nestor,
502,GG,Grundgesetz,,,nestor,
503,GIF,Graphics Interchange Format,,,nestor,
504,GIS,Geoinformationssystem,,,nestor,
505,GNU,GNU is not Unix,,,nestor,
506,GoBs,Grundsätze ordnungsmäßiger DV-gestützter Buchführung,,,nestor,
507,GOP,Group of Pictures,,,nestor,
508,GPL,General Public License,,,nestor,
509,GRATE,Global Remote Access To Emulation Services,,,nestor,
510,GRUR,Deutsche Vereinigung für gewerblichen Rechtsschutz und Urheberrecht,,,nestor,
511,GWDG,Gesellschaft für wissenschaftliche Datenverarbeitung mbH,,,nestor,
512,HD,High Definition,,,nestor,
513,HDD,Hard Disk Drive,,,nestor,
514,HDTV,High Definition TeleVision,,,nestor,
515,HDV,High Definition Video,,,nestor,
516,HFS,Hierarchical File System,,,nestor,
517,HP,Hewlett Packard,,,nestor,
518,HSM,Hierarchisches Speichermanagement,,,nestor,
519,HTML,Hypertext Markup Language,,,nestor,
520,HTTP,Hypertext Transfer Protocol,,,nestor,
521,HTTPS,Hypertext Transfer Protocol Secure,,,nestor,
522,HTW,Hochschule für Technik und Wirtschaft,,,nestor,
523,HTWK,"Hochschule für Technik, Wirtschaft und Kultur",,,nestor,
524,HUB,Humboldt-Universität zu Berlin,,,nestor,
525,HUL,Harvard University Library,,,nestor,
526,HVD,Holographic Versatile Disk,,,nestor,
527,IBI,Institut für Bibliotheks- und Informationswissenschaft,,,nestor,
528,IBM,International Business Machines Corporation,,,nestor,
529,ICOM,International Council of Museums,,,nestor,
530,ICSU,International Council of Scientific Unions,,,nestor,
531,ID,Identity,,,nestor,
532,IDF,International DOI Foundation,,,nestor,
533,IETF,Internet Engineering Task Force,,,nestor,
534,IFLA,International Federation of Library Associations and Institutions,,,nestor,
535,IGDA,International Game Developers Association,,,nestor,
536,IIPC,International Internet Preservation Coalition,,,nestor,
537,IMAP,Internet Message Access Protocol,,,nestor,
538,IMDAS,Integrated Museum Documentation and Administration Programme,,,nestor,
539,IMX,Interoperability Material Exchange,,,nestor,
540,IP,Internet Protocol,,,nestor,
541,IPR,Intellectual Property Rights,,,nestor,
542,IPX/SPX,Internetworking Packet Exchange/Sequence Packet Exchange,,,nestor,
543,ISBN,International Standard Book Number,,,nestor,
544,ISO,International Organisation for Standardization,,,nestor,
545,IT,Informationstechnik,,,nestor,
546,ITU,International Telecommunications Union,,,nestor,
547,IWAW,International Web Archiving Workshop,,,nestor,
548,J2EE,"Java Platform, Enterprise Edition",,,nestor,
549,JHOVE,JSTOR/Harvard Object Validation Environment,,,nestor,
550,JISC,Joint Information Systems Committee,,,nestor,
551,JPEG,Joint Photographic Experts Group,,,nestor,
552,KB,Koninklijke Bibliotheek (Königliche Bibliothek der Niederlande),,,nestor,
553,KEEP,Keep Emulator Environments Portable,,,nestor,
554,KMK,Kultusministerkonferenz,,,nestor,
555,koLibRI,kopal Library for Retrieval and Ingest,,,nestor,
556,kopal,Kooperativer Aufbau eines Langzeitarchivs digitaler Informationen,,,nestor,
557,KOST,Koordinationsstelle für die dauerhafte Archivierung elektronischer Unterlagen,,,nestor,
558,LIFE,Lifecycle Information For E-Literature,,,nestor,
559,LMER,Langzeitarchivierungsmetadaten für elektronische Ressourcen,,,nestor,
560,LoC,Library of Congress,,,nestor,
561,LOCKSS,Lots of Copies Keep Stuff Safe,,,nestor,
562,LRZ,Leibniz-Rechenzentrum,,,nestor,
563,LTO,Linear Tape Open,,,nestor,
564,LZA,Langzeitarchivierung,,,nestor,
565,MA,Master,,,nestor,
566,Mac OS,Macintosh Operating System,,,nestor,
567,MAID,Massive Array of Idle Disks,,,nestor,
568,MAME,Multiple Arcade Machine Emulator,,,nestor,
569,MARC,Machine-Readable Catalog,,,nestor,
570,MAZ,Magnetische AufZeichnung,,,nestor,
571,MB,Megabyte,,,nestor,
572,Mbit/s,Megabit pro Sekunde,,,nestor,
573,MD5,Message-Digest algorithm 5,,,nestor,
574,MDT,Medium Decay Time,,,nestor,
575,MDZ,Münchner Digitalisierungszentrum,,,nestor,
576,MEL,Medium Expected Lifetime,,,nestor,
577,MESS,Multiple Emulator Super System,,,nestor,
578,METS,Metadata Encoding and Transmission Standard,,,nestor,
579,MIME,Multipurpose Internet Mail Extensions,,,nestor,
580,MIT,Massachusetts Institute of Technology,,,nestor,
581,MIX,Metadata for Images in XML,,,nestor,
582,MOD,Magneto Optical Disk,,,nestor,
583,MODS,Metadata Object Description Schema,,,nestor,
584,MoReq,Model Requirements for the Management of Electronic Documents and Records,,,nestor,
585,MPEG,Moving Pictures Experts Group,,,nestor,
586,MTBF,Mean Time Between Failures,,,nestor,
587,MXF,Material eXchange Format,,,nestor,
588,NARA,National Archives and Records Administration,,,nestor,
589,NBN,National Bibliography Number,,,nestor,
590,NDAD,National Digital Archive of Datasets,,,nestor,
591,NDSG,Niedersächsisches Datenschutzgesetz,,,nestor,
592,Nedlib,Networked European Deposit Library,,,nestor,
593,nestor,Network of  Expertise in long-term STOrage and availability of digital Resources in Germany,,,nestor,
594,NetBIOS,Network Basic Input Output System,,,nestor,
595,NISO,National Information Standards Organization,,,nestor,
596,NLE,Non-Linear Editing,,,nestor,
597,NOARK,Northwest Arkansas Human Resource Association,,,nestor,
598,NoE,Network of  Excellence,,,nestor,
599,NTSC,National Television Systems Committee,,,nestor,
600,NutchWAX,Nutch Web Archive eXtensions,,,nestor,
601,OAI-ORE,Open Archives Initiative Protocol - Object Exchange and Reuse,,,nestor,
602,OAIS,Open Archival Information System,,,nestor,
603,OAK,Open Access to Knowledge,,,nestor,
604,OCLC,Online Computer Library Center,,,nestor,
605,ODF,Open Document Format,,,nestor,
606,OECD,Organisation for Economic Co-operation and Development,,,nestor,
607,OGF,Open Grid Forums,,,nestor,
608,OLG,Oberlandesgericht,,,nestor,
609,OMG,Object Management Group,,,nestor,
610,ONIX,Online Information eXchange,,,nestor,
611,OP,Operational Patterns,,,nestor,
612,OSCI,Online Services Computer Interface,,,nestor,
613,OSI,Open Society Institute,,,nestor,
614,p,Pixel,,,nestor,
615,PAL,Phase Alternating Line,,,nestor,
616,PANDORA,Preserving and Accessing Networked Documentary Resources in Australia,,,nestor,
617,PC,Personal Computer,,,nestor,
618,PCB,Plychloriertes Biphenyl,,,nestor,
619,PCM,Puls-Code-Modulation,,,nestor,
620,PCMCIA,Personal Computer Memory Card International Association,,,nestor,
621,PD,Professional Disc,,,nestor,
622,PDF,Portable Document Format,,,nestor,
623,PDF/A,Portable Document Format Level A,,,nestor,
624,PDI,Preservation Description Information,,,nestor,
625,PDP,Programmed Data Processor,,,nestor,
626,PflAV,Pflichtablieferungsverordnung,,,nestor,
627,PI,Persistent Identifier,,,nestor,
628,PICA,Project of Integrated Catalogue Automation,,,nestor,
629,PIN,Personal Identification Numbers,,,nestor,
630,PKCS,Public Key Cryptography Standard,,,nestor,
631,planets,Preservation and Long-term Access through Networked Services,,,nestor,
632,Plato,Planets Preservation Planning Tool,,,nestor,
633,PNG,Portable Network Graphics,,,nestor,
634,POH,Power On Hours,,,nestor,
635,POP3,Post Office Protocol Version 3,,,nestor,
636,PREMIS,Preservation Metadata: Implementation Strategies,,,nestor,
637,PRONOM,On-line information system about data file formats and their supporting software products,,,nestor,
638,PUID,PRONOM Persistent Unique Identifier,,,nestor,
639,Q.E.D,Qualitätsinitiative E-Learning in Deutschland,,,nestor,
640,QAM,Quadratur Amplituden Modulation,,,nestor,
641,RAID,Redundant Array of Independent Disks,,,nestor,
642,RAIN,Redundant Array of Independent Nodes,,,nestor,
643,RAM,Random Access Memory,,,nestor,
644,RegBib,Regionalbibliothek,,,nestor,
645,RFC,Requests for Comment,,,nestor,
646,RGB,"Rot, Grün, Blau",,,nestor,
647,RLG,Research Libraries Group,,,nestor,
648,RöntgV,Röntgenverordnung,,,nestor,
649,RSWK,Regeln für die Schlagwortkatalogisierung,,,nestor,
650,RTF,Rich Text Format,,,nestor,
651,S/MIME,Secure / Multipurpose Internet Mail Extensions,,,nestor,
652,SAK,Ständige Akkreditierungskommission,,,nestor,
653,SAM,Standard-Archivierungs-Modul,,,nestor,
654,SAML,Security Assertion Markup Language,,,nestor,
655,SAP,SAP Business Suite,,,nestor,
656,SAS,Serial Attached SCSI,,,nestor,
657,SATA,Serial Advanced Technology Attachment,,,nestor,
658,SC,Science Commons,,,nestor,
659,SCORM,Sharable Content Object Reference Model,,,nestor,
660,SCSI,Small Computer System Interface,,,nestor,
661,SD,Standard Definition,,,nestor,
662,SDD,Solid State Disk,,,nestor,
663,SDHC,Secure Digital High Capacity,,,nestor,
664,SDLT,Super Digital Linear Tape,,,nestor,
665,SDTV,Standard Definition Television,,,nestor,
666,SFTP,Simple File Transfer Protocol,,,nestor,
667,SGML,Standard Generalized Markup Language,,,nestor,
668,SGS,Staatsgalerie Stuttgart,,,nestor,
669,SHAMAN,Sustaining Heritage Access through Multivalent ArchiviNg,,,nestor,
670,SIG,Special Interest Group,,,nestor,
671,SigG,Signaturgesetz,,,nestor,
672,SigV,Signaturverordnung,,,nestor,
673,SILS,School of Information and Library Science,,,nestor,
674,SIP,Submission Information Package,,,nestor,
675,SMART,Self Monitoring Analysis and Reporting Technology,,,nestor,
676,SMB,Server Message Block Protocol,,,nestor,
677,SMIL,Synchronized Multimedia Integration Language,,,nestor,
678,SMPTE,Society of Motion Picture and Television Engineers,,,nestor,
679,SMTP,Simple Mail Transfer Protocol,,,nestor,
680,SOA,Serviceorientierte Architektur,,,nestor,
681,SOAP,Simple Object Access Protocol,,,nestor,
682,SPS,Software Preservation Society,,,nestor,
683,SRU,Search/Retrieve via URL,,,nestor,
684,SRW,Search/Retrieve for the Web,,,nestor,
685,StrlSchV,Strahlenschutzverordnung,,,nestor,
686,Stud.IP,Studienbegleitender Internetsupport von Präsenzlehre,,,nestor,
687,SUB,Niedersächsische Staats- und Universitätsbibliothek,,,nestor,
688,TB,Terabyte,,,nestor,
689,TCO,Total Cost of Ownership,,,nestor,
690,TCP/IP,Transmission Control Protocol/Internet Protocol,,,nestor,
691,TIB,Technische Informationsbibliothek,,,nestor,
692,TIFF,Tagged Image File Format,,,nestor,
693,TMG,Telemediengesetz,,,nestor,
694,TRAC,Trustworthy Repositories Audit & Certification,,,nestor,
695,UDO,Ultra Density Optical,,,nestor,
696,UML,Unified Modelling Language,,,nestor,
697,UOF,Universelles Objektformat,,,nestor,
698,UrhG,Urheberrechtsgesetz,,,nestor,
699,URI,Uniform Resource Identifier,,,nestor,
700,URL,Uniform Resource Locator,,,nestor,
701,URN,Uniform Resource Name,,,nestor,
702,USB,Universal Serial Bus,,,nestor,
703,UTF,Unicode Transformation Format,,,nestor,
704,UV,Ultraviolett,,,nestor,
705,UVC,Universal Virtual Computer,,,nestor,
706,VFAT,Virtual File Allocation Table,,,nestor,
707,VLB,Verzeichnis Lieferbarer Bücher,,,nestor,
708,W3C,World Wide Web Consortium,,,nestor,
709,WARC,Web ARChive file format,,,nestor,
710,WDC,World Data Center,,,nestor,
711,WORM,Write Once Read Many,,,nestor,
712,WWW,World Wide Web,,,nestor,
713,XCDL,Extensible Characterisation Definition Language,,,nestor,
714,XENA,XML Electronic Normalising of Archives,,,nestor,
715,XML,Extensible Markup Language,,,nestor,
716,XMLDSig,XML Signatur Spezifikation,,,nestor,
717,XMP,Extensible Metadata Platform,,,nestor,
718,XSLT,Extensible Stylesheet Language Transformation,,,nestor,
719,abf,Association des Bibliothécaires de France,Verband der Bibliothekarinnen und Bibliothekare Frankreichs,,Bibliotheksportal,
720,BIB,Berufsverband Information Bibliothek e. V.,,,Bibliotheksportal,
721,BID,Bibliothek und Information Deutschland,Dachverband der Institutionen- und Personalverbände des Bibliothekswesens,,Bibliotheksportal,
722,BII,Bibliothek & Information International,,,Bibliotheksportal,
723,BSB,Bayerische Staatsbibliothek München,,,Bibliotheksportal,
724,CLM,Committee on Copyright and other Legal Matters,IFLA-Ausschuss für Urheberrecht und andere rechtliche Angelegenheiten,,Bibliotheksportal,
725,DBS,Deutsche Bibliotheksstatistik,,,Bibliotheksportal,
726,dbv,Deutscher Bibliotheksverband e. V.,,,Bibliotheksportal,
727,DFG,Deutsche Forschungsgemeinschaft,,,Bibliotheksportal,
728,DGI,Deutsche Gesellschaft für Information und Wissen e. V.,,,Bibliotheksportal,
729,EBLIDA,"European Bureau of Library, Information and Documentation Associations","Europäischer Dachverband von Vereinigungen des Bibliotheks-, Informations- und Dokumentationswesens",,Bibliotheksportal,
730,eifl,Electronic Information for Libraries,Elektronische Ressourcen für Bibliotheken / Stiftung der Entwicklungszusammenarbeit,,Bibliotheksportal,
731,FAIFE,Free Access to Information and Freedom of Expression,IFLA-Ausschuss zu freiem Informationszugang und Meinungsfreiheit,,Bibliotheksportal,
732,HBZ,Hochschulbibliothekszentrum des Landes Nordrhein-Westfalen,,,Bibliotheksportal,
733,IAML,"International Association of Music Libraries, Archives and Documentation Centres","Internationale Vereinigung der Musikbibliotheken, Musikarchive und Dokumentationszentren",,Bibliotheksportal,
734,IFLA,International Federation of Library Associations and Institutions,Internationale Vereinigung bibliothekarischer Verbände und Einrichtungen,,Bibliotheksportal,
735,knb,Kompetenznetzwerk für Bibliotheken,,,Bibliotheksportal,
736,LIBER,Ligue des Bibliothèques Européennes de Recherche / Association of European Research Libraries,Verband der europäischen wissenschaftlichen Bibliotheken,,Bibliotheksportal,
737,NAPLE,National Authorities on Public Libraries in Europe,Verband nationaler Behörden für Öffentliche Bibliotheken in Europa,,Bibliotheksportal,
738,NID,DIN-Normenausschuss Information und Dokumentation,,,Bibliotheksportal,
739,ÖB,Öffentliche Bibliothek,,,Bibliotheksportal,
740,OPAC,Online Public Access Catalogue,,,Bibliotheksportal,
741,OPL,One Person Library,,,Bibliotheksportal,
742,SBB,Staatsbibliothek zu Berlin – Preußischer Kulturbesitz,,,Bibliotheksportal,
743,SLUB,Sächsische Landesbibliothek – Staats- und Universitätsbibliothek Dresden,,,Bibliotheksportal,
744,SUB,Staats- und Universitätsbibliothek,,,Bibliotheksportal,
745,TENIVER,Technologische Innovation in der Informationsversorgung,,,Bibliotheksportal,
746,UB,Universitätsbibliothek,,,Bibliotheksportal,
747,VDB,Verein Deutscher Bibliothekarinnen und Bibliothekare e. V.,,,Bibliotheksportal,
748,ViFa,Virtuelle Fachbibliothek,,,Bibliotheksportal,
749,VÖBB,Verbund der Öffentlichen Bibliotheken Berlins,,,Bibliotheksportal,
750,WB,Wissenschaftliche Bibliothek,,,Bibliotheksportal,
751,WIPO,World Intellectual Property Organization,Welturheberrechtsorganisation,,Bibliotheksportal,
752,WR,Wissenschaftsrat,,,Bibliotheksportal,
753,AA,Affiliate Assembly (AASL),,,ALA,
754,AACR,Anglo-American Cataloguing Rules,,,ALA,
755,AALL,American Association of Law Libraries (ALA Affiliate),,,ALA,
756,AAM,Asian & African Materials (ALCTS),,,ALA,
757,AAM,American Alliance of Museums,,,ALA,
758,AAMES,"Asian, African, & Middle Eastern Section (ACRL)",,,ALA,
759,AAP,Association of American Publishers,,,ALA,
760,AASL,American Association of School Librarians,,,ALA,
761,AASLH,American Association for State and Local History,,,ALA,
762,AAUP,Association of American University Presses,,,ALA,
763,AAT,Art and Architecture Thesaurus,,,ALA,
764,ABOS,Association of Bookmobile and Outreach Services (ALA Affiliate),,,ALA,
765,ACA,American Correctional Association,,,ALA,
766,ACG,Advocacy Coordinating Group,,,ALA,
767,ACRL,Association of College & Research Libraries,,,ALA,
768,AECT,Association for Educational Communications & Technology,,,ALA,
769,AFAS,African American Studies Librarians Section (ACRL),,,ALA,
770,AFL/CIO,American Federation of Labor/Congress of Industrial Organizations,,,ALA,
771,AIA,American Institute of Architects,,,ALA,
772,AILA,American Indian Library Association  (ALA Affiliate),,,ALA,
773,AJL,Association of Jewish Libraries (ALA Affiliate),,,ALA,
774,AL,American Libraries,,,ALA,
775,AL21C,America's Libraries in the 21st Century Committee (OITP),,,ALA,
776,ALA,American Library Association,,,ALA,
777,ALA-APA,ALA-Allied Professional Association,,,ALA,
778,ALAIR,ALA Institutional Repository,,,ALA,
779,ALCTS,Association for Library Collections & Technical Services,,,ALA,
780,ALISE,Association for Library & Information Science Education (ALA Affiliate),,,ALA,
781,ALSC,Association for Library Service to Children,,,ALA,
782,ALTAFF,"Association for Library Trustees, Advocates, Friends and Foundations",Obsolete: see UFL - United for Libraries,,ALA,
783,AMIA,Association of Moving Image Archivists,,,ALA,
784,ANSI,American National Standards Institute,,,ALA,
785,ANSS,Anthropology & Sociology Section (ACRL),,,ALA,
786,AP3,Accreditation Process Policies & Procedures,,,ALA,
787,APA,American Library Association-Allied Professional Association,,,ALA,
788,APALA,Asian Pacific American Librarians Association (ALA Affiliate),,,ALA,
789,ARC,Advance Reading Copy,,,ALA,
790,ARSC,Association for Recorded Sound Collections,,,ALA,
791,ARL,Association of Research Libraries (ALA Affiliate),,,ALA,
792,ARLIS/NA,Art Libraries Society of North America (ALA Affiliate),,,ALA,
793,ARSL,Association for Rural & Small Libraries (ALA Affiliate),,,ALA,
794,ARTS,Arts Section (ACRL),,,ALA,
795,AS,Acquisitions Section (ALCTS),,,ALA,
796,ASCA,American School Counselors Association,,,ALA,
797,ASC,Activity Sections Council (ACRL),,,ALA,
798,ASCAP,"American Society of Composers, Authors and Publishers",,,ALA,
799,ASCLA,Association of Specialized & Cooperative Library Agencies,,,ALA,
800,ASIS&T,American Society for Information Science and Technology (ALA Affiliate),,,ALA,
801,ATLA,American Theological Library Association (ALA Affiliate),,,ALA,
802,BARC,Budget Analysis and Review Committee,,,ALA,
803,BCALA,Black Caucus of the American Library Association (ALA Affiliate),,,ALA,
804,BETA,Beta Phi Mu (ALA Affiliate),,,ALA,
805,BES,Buildings & Equipment Section (LLAMA),,,ALA,
806,BFYA,Best Fiction for Young Adults,,,ALA,
807,BIBCO,Monographic Bibliographic Record Program (PCC),,,ALA,
808,BIBFRAME,Bibliographic Framework Initiative,,,ALA,
809,BIGWIG,"Blogs, Interactive Groupware & Wikis Interest Group (LITA - Obsolete)",,,ALA,
810,BISAC,Book Industry Standards and Communications,,,ALA,
811,BRASS,Business Reference & Services Section (RUSA),,,ALA,
812,C&RL News,College & Research Libraries News,periodical,,ALA,
813,C&RL,College & Research Libraries,journal,,ALA,
814,CAEP,Council for the Accreditation of Educator Preparation,,,ALA,
815,CALA,Chinese American Librarians Association (ALA Affiliate),,,ALA,
816,CALM,"Committee on Archives, Libraries, and Museums",,,ALA,
817,CaMMS,Cataloging and Metadata Management Section (ALCTS),[formerly Cataloging and Classification Section (CCS)],,ALA,
818,CATHLA,Catholic Library Association (ALA Affiliate),,,ALA,
819,CBC,Children’s Book Council,,,ALA,
820,CC:AAM,Committee on Cataloging: Asian and African Materials (ALCTS/CaMMS),,,ALA,
821,CC:DA,Committee on Cataloging: Description & Access (ALCTS/CaMMS),,,ALA,
822,CCBC,Cooperative Children's Book Center,,,ALA,
823,CCC,Copyright Clearance Center,,,ALA,
824,CCF,ALA Cultural Communities Fund,,,ALA,
825,CCO,Cataloging Cultural Objects,publication,,ALA,
826,CCS,Cataloging & Classification Section (ALCTS),see CaMMS,,ALA,
827,CCSS,Common Core State Standards,,,ALA,
828,CIFNAL,"Collaborative Initiative for French Language Collections, Center for Research Libraries",,,ALA,
829,CJCLS,Community & Junior College Libraries Section (ACRL),,,ALA,
830,CILIP,Chartered Institute for Library and Information Professionals,,,ALA,
831,CLA,Canadian Library Association (ALA Affiliate),,,ALA,
832,CLENERT,,see LearnRT,,ALA,
833,CLIPP,College Library Information on Policy and Practice  (ACRL),,,ALA,
834,CLIR,Council on Library and Information Resources,,,ALA,
835,CLS,College Libraries Section (ACRL),,,ALA,
836,CMS,Collection Management Section (ALCTS),[formerly Collection Management & Development Section (CMDS)],,ALA,
837,COA,Committee on Accreditation,,,ALA,
838,COD,Committee on Diversity,,,ALA,
839,CODES,Collection Development & Evaluation Section (RUSA),,,ALA,
840,COE,Committee on Education,,,ALA,
841,COL,Committee on Legislation,,,ALA,
842,COLA,Committee on Library Advocacy,,,ALA,
843,COLT,Council on Library/Media Technicians,inactive,,ALA,
844,CONSER,Cooperative Online Serials Program,,,ALA,
845,CONTU,(National) Commission on New Technological Uses of Copyright,,,ALA,
846,COO,Committee on Organization,,,ALA,
847,COPE,Committee on Professional Ethics,,,ALA,
848,CORS,Committee on Research & Statistics,,,ALA,
849,COSLA,Chief Officers of State Library Agencies,,,ALA,
850,COSWL,Committee on the Status of Women in Librarianship. ALA,,,ALA,
851,COUNTER,Counting Online Usage of NeTworked Electronic Resources,,,ALA,
852,CPLA,Certified Public Library Administrator Program,,,ALA,
853,CRC,Chapter Relations Committee,,,ALA,
854,CRG,Council of Regional Groups (ALCTS),,,ALA,
855,CRL,Center for Research Libraries,,,ALA,
856,CRO,Chapter Relations Office,,,ALA,
857,CRS,Continuing Resources Section (ALCTS),[formerly the Serials Section (SS)],,ALA,
858,CSO,Conference Services Office,,,ALA,
859,CUAC,Cartographic Users Advisory Council,,,ALA,
860,DACS,Describing Archives: A Content Standard,,,ALA,
861,DCMA,Digital Millennium Copyright Act of 1998,,,ALA,
862,DCRM,Descriptive Cataloging of Rare Materials,,,ALA,
863,DCWG,Digital Content Working Group,,,ALA,
864,DEU,Duplicates Exchange Union (ALCTS),,,ALA,
865,DLF,Digital Library Federation,,,ALA,
866,DLS,Distance Learning Section (ACRL),,,ALA,
867,DOI,Digital Object Identifier,,,ALA,
868,DPLA,Digital Public Library of America,,,ALA,
869,DRM,Digital Rights Management,,,ALA,
870,DttP,Documents to the People (GODORT publication),,,ALA,
871,EAD,Encoded Archival Description,,,ALA,
872,EBSS,Education & Behavioral Sciences Section (ACRL),,,ALA,
873,ECRR,Every Child Ready to Read (ALSC & PLA),,,ALA,
874,EL,Emerging Leaders Program,,,ALA,
875,EMC,Education Media Council,,,ALA,
876,EMIERT,Ethnic and Multicultural Information Exchange Round Table,,,ALA,
877,ERIC,Education Resources Information Center,,,ALA,
878,ERT,Exhibits Round Table,,,ALA,
879,ESL,English as a second-language ,,,ALA,
880,ESLS,Educators of School Librarians Section (AASL),,,ALA,
881,ESSA,Every Student Succeeds Act,,,ALA,
882,ETF,Education Task Force (GODORT),,,ALA,
883,ETS,Emerging Technologies Section (RUSA),formerly MARS,,ALA,
884,F&A,Finance & Audit Committee (ALA Executive Board),,,ALA,
885,FAFLRT,Federal and Armed Forces Libraries Round Table,,,ALA,
886,FDTF,Federal Documents Task Force (GODORT),,,ALA,
887,FINRA,Financial Industry Regulatory Authority,,,ALA,
888,FLAG,Federal Legislative Advocacy Group,,,ALA,
889,FLLAN,Federal Library Legislative and Advocacy Network,obsolete,,ALA,
890,FOIA,Freedom of Information Act,,,ALA,
891,FOLUSA,Friends of Libraries USA,obsolete: now part of United for Libraries,,ALA,
892,FRBR,Functional Requirements for Bibliographic Records,,,ALA,
893,FRFDS,Fundraising & Financial Development Section (LLAMA),,,ALA,
894,FTF,Feminist Task Force (SRRT),,,ALA,
895,FTRF,Freedom to Read Foundation,,,ALA,
896,GAMERT,Games and Gaming Round Table,,,ALA,
897,GIC,Government Information for Children (GODORT Committee),,,ALA,
898,GLBTRT,"Gay, Lesbian, Bisexual and Transgender Round Table",,,ALA,
899,GN MIG,Graphic Novels & Comics Membership Initiative Group,,,ALA,
900,GODORT,Government Documents Round Table,,,ALA,
901,GOV,ALA Governance Office,,,ALA,
902,GWLA,Greater Western Library Alliance,,,ALA,
903,HRDR,Office for Human Resource Development and Recruitment,,,ALA,
904,HRS,Human Resources Section (LLAMA),,,ALA,
905,HS,History Section (RUSA),,,ALA,
906,HTML,Hypertext Markup Language,,,ALA,
907,IASSIST,International Association for Social Science Information Services & Technology,,,ALA,
908,ICAN,Interlibrary Cooperation & Networking (ASCLA),obsolete,,ALA,
909,ICLAE,International Council of Library Association Executives,,,ALA,
910,ICOLC,International Coalition of Library Consortia,,,ALA,
911,IDTF,International Documents Task Force (GODORT),,,ALA,
912,IFC,Intellectual Freedom Committee,,,ALA,
913,IFLA,International Federation of Library Associations and Institutions,,,ALA,
914,IFRT,Intellectual Freedom Round Table,,,ALA,
915,IG,Interest Group,,,ALA,
916,IGARD,Alzheimer's & Related Dementias Interest Group (ASCLA),,,ALA,
917,IIDA,International Interior Design Association,,,ALA,
918,ILEX,Independent Librarians Exchange Section (ASCLA),obsolete,,ALA,
919,ILL,Inter-Library Loan or Inter-Library Lending,,,ALA,
920,ILS,Integrated Library System,,,ALA,
921,IMLS,Institute of Museum and Library Services,,,ALA,
922,IPEDS,Integrated Postsecondary Education Data System,,,ALA,
923,IRC,International Relations Committee,,,ALA,
924,IRO,International Relations Office,,,ALA,
925,IRRT,International Relations Round Table,,,ALA,
926,IS,Instruction Section (ACRL),,,ALA,
927,ISBN,International Standard Book Number,,,ALA,
928,ISKME,Institute for the Study of Knowledge Management in Education,,,ALA,
929,ISLD,International Sustainable Library Development IG (IRRT),,,ALA,
930,ISO,International Organization for Standardization,,,ALA,
931,ISS,Independent Schools Section (AASL),,,ALA,
932,ISSN,International Standard Serial Number,,,ALA,
933,ITAL,Information Technology and Libraries (LITA),,,ALA,
934,ITTS,Information Technology and Telecommunications Services (ALA unit),,,ALA,
935,JCLC,Joint Conference of Librarians of Color,,,ALA,
936,JOYS,Journal of Youth Services in Libraries (ALSC/YALSA),replaced in 2003 with Children & Libraries and Young Adult Library Services,,ALA,
937,JSC-AACR,Joint Steering Committee for Revision of AACR,obsolete,,ALA,
938,JSC-RDA,Joint Steering Committee for Development of RDA,,,ALA,
939,KQ,Knowledge Quest,division publication,,ALA,
940,LA&M,,see LL&M,,ALA,
941,LACONI,Library Administrators Council of Northern Illinois,,,ALA,
942,LAMA,,see LLAMA,,ALA,
943,LC,Library of Congress,,,ALA,
944,LCA,Library Copyright Alliance,,,ALA,
945,LCIG,Library Consultants Interest Group (ASCLA),,,ALA,
946,LCRI,Library of Congress Rule Interpretations,,,ALA,
947,LCSH,Library of Congress Subject Headings,,,ALA,
948,LEARNRT,Learning Round Table,[formerly Continuing Library Education Network & Exchange Round Table (CLENERT)],,ALA,
949,LES,Literatures in English Section (ACRL),,,ALA,
950,LHRT,Library History Round Table,,,ALA,
951,LIANZA,Library and Information Association of New Zealand Aotearoa (ALA Affiliate),,,ALA,
952,LIRT,Library Instruction Round Table,,,ALA,
953,LITA,Library & Information Technology Association,,,ALA,
954,LL&M,Library Leadership & Management,LLAMA division publication,,ALA,
955,LLAMA,Library Leadership & Management Association,,,ALA,
956,LMPI,Library Materials Price Index,,,ALA,
957,LOMS,Library Organization & Management Section (LLAMA),,,ALA,
958,LPSS,Law & Political Science Section (ACRL),,,ALA,
959,LRC,Learning Resource Center,,,ALA,
960,LRRT,Library Research Round Table,,,ALA,
961,LRTS,Library Resources & Technical Services,ALCTS publication,,ALA,
962,LS,Library School Events,listing in ALA conference program,,ALA,
963,LSDF,Library Service to the Deaf Forum (ASCLA),obsolete,,ALA,
964,LSIEF,Library Service to the Impaired Elderly Forum (ASCLA),obsolete,,ALA,
965,LSPF,Library Service to Prisoners Forum (ASCLA),,,ALA,
966,LSPVD,Library Services to People with Visual or Physical Disabilities that Prevent Them from Reading Standard Print IG (ASCLA),,,ALA,
967,LSSC,Library Support Staff Certification,,,ALA,
968,LSSDDPMAG,Library Service to Developmentally Disabled Persons Membership Activity Grp. (ASCLA),,,ALA,
969,LSSIRT,Library Support Staff Interest Round Table,,,ALA,
970,LSSPS,"Libraries Serving Special Populations Section (ASCLA, obsolete)",,,ALA,
971,LSTA,Library Services and Technology Act,,,ALA,
972,LTA,Library Technical Assistant,,,ALA,
973,LTC,Libraries Transforming Communities,,,ALA,
974,LUTFCSUSTC,"Librarians United To Fight Costly, Silly and Unnecessary Serial Title Changes (ALCTS)",obsolete,,ALA,
975,MAES,"Measurement, Assessment, & Evaluation Section (LLAMA)",,,ALA,
976,MAGIRT,Map and Geospatial Information Round Table,[formerly Map & Geography Round Table (MAGERT)],,ALA,
977,MARBI,MAchine Readable Bibliographic Information Committee,obsolete,,ALA,
978,MARC,MAchine Readable Cataloging,,,ALA,
979,MARS,MARS: Emerging Technologies in Reference Section (RUSA),"[formerly Machine Assisted Reference Section], obsolete: see ETS",,ALA,
980,MFLA,Midwest Federation of Library Associations,,,ALA,
981,MIG,Membership Initiative Group; Metadata Interest Group (ALCTS),,,ALA,
982,MLA,Medical Library Association (ALA Affiliate),,,ALA,
983,MLA,Modern Language Association,,,ALA,
984,MLA,Music Library Association (ALA Affiliate),,,ALA,
985,MOOC,Massive Open Online Course,,,ALA,
986,MOUSS,Management and Operation of User Services Section (RUSA),see STARS,,ALA,
987,MPS,Member Programs and Services (ALA department),,,ALA,
988,MPLA,Mountain Plains Library Association,,,ALA,
989,MRGITF,Machine Readable Government Information Task Force (GODORT),,,ALA,
990,NABE,National Association for Bilingual Education,,,ALA,
991,NACO,Name Authority Cooperative Program,,,ALA,
992,NCAAL,National Conference of African American Librarians,,,ALA,
993,NCATE,National Council for Accreditation of Teacher Education,obsolete: see CAEP,,ALA,
994,NCES,National Center for Education Statistics,,,ALA,
995,NCLIS,National Commission on Libraries & Information Science,obsolete,,ALA,
996,NEH,National Endowment for the Humanities,,,ALA,
997,NELA,New England Library Association,,,ALA,
998,NERL,NorthEast Research Libraries,,,ALA,
999,NGSS,Next Generation Science Standards,,,ALA,
1000,NISO,National Information Standards Organization,,,ALA,
1001,NLA,National Librarians Association,,,ALA,
1002,NLM,National Library of Medicine,,,ALA,
1003,NLW,National Library Week,,,ALA,
1004,NMRT,New Members Round Table,,,ALA,
1005,NSN,National Storytelling Network (ALA Affiliate),,,ALA,
1006,NPS,New Professionals Section (LLAMA),,,ALA,
1007,OA,Office for Accreditation,,,ALA,
1008,OA,Open Access,,,ALA,
1009,OCLC,OCLC,[formerly Online Computer Library Center],,ALA,
1010,ODLOS,"Office for Diversity, Literacy and Outreach Services",,,ALA,
1011,OFD,Office for Diversity,see ODLOS,,ALA,
1012,OGR,Office of Government Relations,,,ALA,
1013,OIF,Office for Intellectual Freedom,,,ALA,
1014,OITP,Office for Information Technology Policy,,,ALA,
1015,OLA,Office for Library Advocacy,,,ALA,
1016,OLAC,Online Audiovisual Catalogers (ALA Affiliate),,,ALA,
1017,OLOS,Office for Literacy and Outreach Services,see ODLOS,,ALA,
1018,OLPR,,see HRDR,,ALA,
1019,OPAC,Online Public Access Catalog,,,ALA,
1020,ORS,Office for Research & Statistics,,,ALA,
1021,OTLD,,see TOLD,,ALA,
1022,PAIG,Preservation Administrators Interest Group,formerly PADG,,ALA,
1023,PAN,Print Archive Network,,,ALA,
1024,PAO,Public Awareness Office,,,ALA,
1025,PARS,Preservation & Reformatting Section (ALCTS),,,ALA,
1026,PBA,Planning & Budget Assembly,,,ALA,
1027,PCC,Program for Cooperative Cataloging (LC),,,ALA,
1028,PCPAC,Public and Cultural Programs Advisory Committee (ALA),,,ALA,
1029,PELS,Planning & Evaluation of Library Services Committee (LLAMA LOMS),,,ALA,
1030,PIO,Public Information Office,obsolete: replaced 2015 with Public Awareness Office,,ALA,
1031,PLA,Public Library Association,,,ALA,
1032,PLDS,Public Library Data Service (PLA),,,ALA,
1033,PLIG,Programming Librarian Interest Group,,,ALA,
1034,PNLA,Pacific Northwest Library Association,,,ALA,
1035,PPO,Public Programs Office,,,ALA,
1036,PRMS,Public Relations and Marketing Section (LLAMA),,,ALA,
1037,PROLIT,Proliteracy Worldwide (ALA Affiliate),,,ALA,
1038,PTRCA,Patent and Trademark Resource Center Association (ALA Affiliate),,,ALA,
1039,RAILS,Reaching Across Illinois Library System,,,ALA,
1040,RBB,Reference Books Bulletin,a Booklist publication,,ALA,
1041,RBM,"RBM: A Journal of Rare Books, Manuscripts, and Cultural Heritage",ACRL publication,,ALA,
1042,RBMS,Rare Books and Manuscripts Section (ACRL),,,ALA,
1043,RDA,Resource Description & Access,,,ALA,
1044,RDF,Resources Description Framework,,,ALA,
1045,REFORMA,The National Association to Promote Library & Information Services to Latinos and the Spanish Speaking (ALA Affiliate),,,ALA,
1046,RFID,Radio Frequency Identification Technology,,,ALA,
1047,RFP,Request for Proposal,,,ALA,
1048,RIG,Residency Interest Group (ACRL),,,ALA,
1049,RMRT,Retired Members Round Table,,,ALA,
1050,RNTLOAK,"Rural, Native, and Tribal Libraries of All Kinds Committee",,,ALA,
1051,RSS,Reference Services Section (RUSA),,,ALA,
1052,RUSA,Reference and User Services Association,,,ALA,
1053,RUSQ,Reference & User Services Quarterly,division publication,,ALA,
1054,SAA,Society of American Archivists,,,ALA,
1055,SAC,"Spectrum Advisory Committee, a subcommittee of the Committee on Diversity",,,ALA,
1056,SAC,"Subject Analysis Committee, ALCTS/CaMMS",,,ALA,
1057,SACO,Subject Authority Cooperative Program (PCC),,,ALA,
1058,SALALM,Seminar on the Acquisition of Latin American Library Materials (ALA Affiliate),,,ALA,
1059,SASS,Systems & Services Section (LLAMA),,,ALA,
1060,SBPR,La Sociedad de Bibliotecarios de Puerto Rico (ALA Affiliate),,,ALA,
1061,SEES,Slavic & East European Section (ACRL),,,ALA,
1062,SELA,Southeastern Library Association,,,ALA,
1063,SISAC,Serials Industry Systems Advisory Committee,,,ALA,
1064,SLA,Special Libraries Association,,,ALA,
1065,SLAS,State Library Agency Section (ASCLA),obsolete,,ALA,
1066,SLDTF,State & Local Documents Task Force (GODORT),,,ALA,
1067,SLMR,School Library Media Research,online division publication,,ALA,
1068,SORT,Staff Organizations Round Table,,,ALA,
1069,SPARC,Scholarly Publishing & Academic Resources Coalition,,,ALA,
1070,SPEC,ARL Systems and Procedures Exchange Center,,,ALA,
1071,SPVS,Supervisors Section (AASL),,,ALA,
1072,SRRT,Social Responsibilities Round Table,,,ALA,
1073,SS,Serials Section (ALCTS),obsolete: use CRS - Continuing Resources Section (ALCTS),,ALA,
1074,STARS,Sharing and Transforming Access to Resources Section (RUSA),[formerly Management and Operation of User Services Section],,ALA,
1075,STEAM,"Science, Technology, Engineering, Arts and Mathematics",,,ALA,
1076,STEM,"Science, Technology, Engineering and Mathematics",,,ALA,
1077,STS,Science & Technology Section (ACRL),,,ALA,
1078,SUSTAINRT,Sustainability Round Table,,,ALA,
1079,SXSW,South by Southwest®,,,ALA,
1080,TESLA,Technical Standards for Library Automation,obsolete,,ALA,
1081,TLA,Theatre Library Association (ALA Affiliate),,,ALA,
1082,TOLD,"Training, Orientation and Leadership Development Committee",,,ALA,
1083,TRAIL,Technical Report Archive & Image Library,,,ALA,
1084,UFL,United for Libraries,,,ALA,
1085,ULC,Urban Libraries Council (ALA Affiliate),,,ALA,
1086,ULS,University Libraries Section (ACRL),,,ALA,
1087,UNO,Unofficial Groups,used in conference program books,,ALA,
1088,USBBY,United States Board on Books for Young People,,,ALA,
1089,VRT,Video Round Table,,,ALA,
1090,VSS,Virtual Spring Symposium (PLA),,,ALA,
1091,WAI,Web Accessibility Initiative,,,ALA,
1092,WESS,Western European Studies Section (ACRL),,,ALA,
1093,WEST,"Western Regional Storage Trust, California Digital Library",,,ALA,
1094,WGSS,Women & Gender Studies Section (ACRL),[formerly Women's Studies Section (WSS)],,ALA,
1095,WHCLIS,White House Conference on Library & Information Services,,,ALA,
1096,WNBA,Women's National Book Association,,,ALA,
1097,WNDB,We Need Diverse Books,,,ALA,
1098,WO,Washington Office,,,ALA,
1099,XML,Extensible Markup Language,,,ALA,
1100,YA,Young Adult,,,ALA,
1101,YALSA,Young Adult Library Services Association,,,ALA,
1102,YMA,Youth Media Awards,,,ALA,
1103,AASLIG,African-American Studies Librarians Interest Group,,,ACRL,
1104,AAMESIG,"Asian, African, and Middle Eastern Interest Group",,,ACRL,
1105,ACRL,Association of College & Research Libraries,,,ACRL,
1106,ALSGS-IG,Academic Library Services to Graduate Students Interest Group,,,ACRL,
1107,ALSIS-IG,Academic Library Services to International Students Interest Group,,,ACRL,
1108,ANSS,Anthropology and Sociology Section,,,ACRL,
1109,Arts,Arts Section,,,ACRL,
1110,ASIG,Access Services Interest Group,,,ACRL,
1111,C&RL News,College & Research Libraries News (periodical),,,ACRL,
1112,C&RL,College & Research Libraries (journal),,,ACRL,
1113,CJCLS,Community and Junior College Libraries Section,,,ACRL,
1114,CLS,College Libraries Section,,,ACRL,
1115,CPIG,Contemplative Pedagogy Interest Group,,,ACRL,
1116,DBIG,Digital Badges Interest Group,,,ACRL,
1117,DLS,Distance Learning Section,,,ACRL,
1118,DSCIG,Digital Scholarlship Centers Interest Group,,,ACRL,
1119,DSS,Digital Scholarship Section,,,ACRL,
1120,EBSS,Education and Behavioral Sciences Section,,,ACRL,
1121,ESS,European Studies Section,,,ACRL,
1122,HSIG,Health Sciences Interest Group,,,ACRL,
1123,HLIG,History Librarians Interest Group,,,ACRL,
1124,IRIG,Image Resources Interest Group,,,ACRL,
1125,INRIG,Institutional Research Interest Group,,,ACRL,
1126,IS,Instruction Section,,,ACRL,
1127,LES,Literatures in English Section,,,ACRL,
1128,LFPEI-IG,Librarianship in For-Profit Educational Institutions Interest Group,,,ACRL,
1129,LISE-IG,Library and Information Science Education Interest Group,,,ACRL,
1130,LMOIG,Library Marketing and Outreach Interest Group,,,ACRL,
1131,PPIRS,"Politics, Policy & International Relations Section",,,ACRL,
1132,RAMIG,Research Assessment and Metrics Interest Group,,,ACRL,
1133,RBM,"RBM: A Journal of Rare Books, Manuscripts, and Cultural Heritage (journal)",,,ACRL,
1134,RBMS,Rare Books and Manuscripts Section,,,ACRL,
1135,RIG,Residency Interest Group,,,ACRL,
1136,SRRM-IG,Systematic Reviews and Related Methods Interest Group,,,ACRL,
1137,STS,Science & Technology Section,,,ACRL,
1138,TSIG,Technical Services Interest Group,,,ACRL,
1139,UAIG,Universal Accessibility Interest Group,,,ACRL,
1140,ULS,University Libraries Section,,,ACRL,
1141,VWIG,Virtual Worlds Interest Group,,,ACRL,
1142,WGSS,Women and Gender Studies Section,,,ACRL,
1143,AACR2,Anglo-American Cataloguing Rules,,,IFLA,
1144,AAP,Association of American Publishers,,,IFLA,
1145,ALA,American Library Association,,,IFLA,
1146,ANSI,American National Standards Institute,,,IFLA,
1147,ASCII,American Standard Code for Information Interchange,,,IFLA,
1148,APA,American Psychological Association,,,IFLA,
1149,ARK,Archival Resource Key,,,IFLA,
1150,BIC,Book Industry Communication,,,IFLA,
1151,BLIC,British Library Integrated Catalogue,,,IFLA,
1152,BNB,British National Bibliography,,,IFLA,
1153,BnF,La Bibliothèque nationale de France (The French national Library),,,IFLA,
1154,CIP,Cataloguing-In-Publication,,,IFLA,
1155,CDL,California Digital Library,,,IFLA,
1156,CDNL,Conference of Directors of National Libraries,,,IFLA,
1157,CD-ROM,Compact Disk Read Only Memory,,,IFLA,
1158,CERL,Consortium of European Research Libraries,,,IFLA,
1159,CNRI,Corporation for National Research Initiatives,,,IFLA,
1160,CQL,Common Query Language,,,IFLA,
1161,DC,Dublin Core,,,IFLA,
1162,DCMI,Dublin Core Metadata Initiative,,,IFLA,
1163,DDC,Dewey Decimal Classification,,,IFLA,
1164,DOI,Digital Object Identifier,,,IFLA,
1165,DTD,Document Type Definition,,,IFLA,
1166,DVD,Digital Video Disc,,,IFLA,
1167,EAD,Encoded Archival Description,,,IFLA,
1168,FRAD,Functional Requirements for Authority Data,,,IFLA,
1169,FRANAR,Functional Requirements and Numbering of Authority Records,,,IFLA,
1170,FRBR,Functional Requirements for Bibliographic Records,,,IFLA,
1171,HTML,HyperText Markup Language,,,IFLA,
1172,IANA,Internet Assigned Numbers Authority,,,IFLA,
1173,ICNBS,International Conference on National Bibliographic Services,,,IFLA,
1174,ICNBS,International Congress on National Bibliographies,,,IFLA,
1175,IEC,International Electrotechnical Commission,,,IFLA,
1176,IFLA,International Federation of Library Associations and Institutions,,,IFLA,
1177,IME ICC,IFLA Meetings of Experts on an International Cataloguing Code,,,IFLA,
1178,ISBD,International Standard Book Description,,,IFLA,
1179,ISBN,International Standard Book Number,,,IFLA,
1180,ISMN,International Standard Music Number,,,IFLA,
1181,ISO,International Organization for Standardization,,,IFLA,
1182,ISRC,International Standard Recording Code,,,IFLA,
1183,ISSN,International Standard Serial Number,,,IFLA,
1184,ISTC,International Standard Text Code,,,IFLA,
1185,ISWC,International Standard Musical Work Code,,,IFLA,
1186,LCC,Library of Congress Classification,,,IFLA,
1187,LCCN,Library of Congress Control Number,,,IFLA,
1188,LC/NACO,Library of Congress Name Authority Cooperative Program,,,IFLA,
1189,LIBIS,Lithuanian Integrated Library Information System,,,IFLA,
1190,MADS,Metadata Authority Description Schema,,,IFLA,
1191,MARC,Machine Readable Cataloging,,,IFLA,
1192,MIME,Multipurpose Internet Mail Extensions,,,IFLA,
1193,MLA,Modern Language Association,,,IFLA,
1194,MODS,Metadata Object Description Schema,,,IFLA,
1195,NACO,Name Authority Cooperative Program,,,IFLA,
1196,NBN,National Bibliography Number,,,IFLA,
1197,NID,Namespace IDentifier,,,IFLA,
1198,NISO,National Information Standards Organization,,,IFLA,
1199,NLM DTD,National Library of Medicine Document Type Definition,,,IFLA,
1200,NSS,Namespace Specific String,,,IFLA,
1201,OAI,Open Archives Initiative,,,IFLA,
1202,OAI-PMH,Open Archives Initiative Protocol for Metadata Harvesting,,,IFLA,
1203,OCLC,Online Computer Library Center,,,IFLA,
1204,ONIX,Online Information Exchange,,,IFLA,
1205,OPAC,Online public access catalogue,,,IFLA,
1206,OWL,Web Ontology Language,,,IFLA,
1207,PADI,Preserving Access to Digital Information,,,IFLA,
1208,PDF,Portable Document Format,,,IFLA,
1209,PREMIS,PREservation Metadata Implementation Strategies,,,IFLA,
1210,PURL,Persistent Uniform Resource Locator,,,IFLA,
1211,RAK,Regeln für die alphabetische Katalogisierung = Rules for Alphabetical Cataloguing,,,IFLA,
1212,RDA,Resource Description and Access,,,IFLA,
1213,RDF,Resource Description Framework,,,IFLA,
1214,RFC,Request for Comments,,,IFLA,
1215,RSS,Really Simple Syndication,,,IFLA,
1216,RSS,RDF Site Summary,,,IFLA,
1217,SACO,Subject Authority Cooperative Program,,,IFLA,
1218,SGML,Standard Generalized Markup Language,,,IFLA,
1219,SKOS,Simple Knowledge Organisation System,,,IFLA,
1220,SRU,Search/Retrieve via URL,,,IFLA,
1221,SRW,Search Retrieve Web Service,,,IFLA,
1222,SWD,Schlagwortnormdatei = Subject Headings Authority File,,,IFLA,
1223,TEI,Text Encoding Initiative,,,IFLA,
1224,UBC,Universal bibliographic control,,,IFLA,
1225,UBCIM,Universal Bibliographic Control and International MARC,,,IFLA,
1226,UDC,Universal Decimal Classification,,,IFLA,
1227,UKOLN,,"UKOLN is a research organization that aims to inform practice and influence policy in the areas of: digital libraries, information systems, bibliographic management, and web technologies. It was formerly the UK Office for Library and Information Networking.",,IFLA,
1228,UNESCO,United Nations Educational Scientific and Cultural Organization,,,IFLA,
1229,UNIMARC,Universal MARC,,,IFLA,
1230,URL,Uniform Resource Locator,,,IFLA,
1231,URN,Universal Resource Name,,,IFLA,
1232,VIAF,Virtual International Authority File,,,IFLA,
1233,W3C,World Wide Web Consortium,,,IFLA,
1234,XML,eXtensible Markup Language,,,IFLA,
1235,Z39.50,A client server protocol for searching and retrieving information from remote computer databases,,,IFLA,
1236,AACR2,"Anglo-American Cataloguing Rules, Second Edition",,International,LAUC,
1237,AAU,Association of American Universities,,National,LAUC,
1238,ACG,All-Campus Groups,,SOPAG,LAUC,
1239,ACIG,Acquisitions Common Interest Group,,HOTS,LAUC,
1240,ACRL,Association of College and Research Libraries,,ALA,LAUC,
1241,ADP,American Discography Project,,UCSB Library,LAUC,
1242,AEC,art exhibition catalog,,,LAUC,
1243,AFT,American Federation of Teachers,,National,LAUC,
1244,AG,Administrative Group,,UCSB Library,LAUC,
1245,ARK,archival resource key,,,LAUC,
1246,ALCTS,Association for Library Collections and Technical Services,,ALA,LAUC,
1247,ALEPH,integrated library system,,Ex Libris,LAUC,
1248,API,application programming interface,,,LAUC,
1249,APM,Academic Personnel Manual,,UC,LAUC,
1250,ARL,Association of Research Libraries,,International,LAUC,
1251,ARMS,Acquisitions and Resource Management Services,,UCSB Library,LAUC,
1252,ARSC,Association for Recorded Sound Collections,,,LAUC,
1253,AUL,associate university librarian,,,LAUC,
1254,BI,bibliographic instruction,,,LAUC,
1255,CAAR,"Committee on Appointments, Assignments and Reassignments",,LAUC-SB,LAUC,
1256,CAG,Circulation Advisory Group,,SOPAG – RSC,LAUC,
1257,CAMCIG,Cataloging and Metadata Common Interest Group,,HOTS,LAUC,
1258,CAP,Committee on Advancement and Promotion,,LAUC-SB,LAUC,
1259,CARL,California Academic and Research Libraries,,ACRL,LAUC,
1260,CatalAcq,Cataloging and Acquisitions Services,,UCSB Library,LAUC,
1261,CBS,consortial borrowing software,,,LAUC,
1262,CDC,Collection Development Committee,,SOPAG,LAUC,
1263,CDL,California Digital Library,,UCOP,LAUC,
1264,CEMA,California Ethnic and Multicultural Archives,,UCSB Library – Special Collections,LAUC,
1265,CFP,call for papers,,,LAUC,
1266,CFT,California Federation of Teachers,,AFT,LAUC,
1267,CIC,Committee on Institutional Cooperation,,"Midwest, U.S.",LAUC,
1268,CIG,common interest group,,,LAUC,
1269,CJK,"Chinese, Japanese, and Korean",,,LAUC,
1270,CKG,Common Knowledge Group,,UC Libraries,LAUC,
1271,CLA,California Library Association,,State,LAUC,
1272,CLIIR,"Committee on Library, Information, and Instructional Resources",,"UCSB Academic Senate, CRIR",LAUC,
1273,CLIR,Council on Library and Information Resources,,International,LAUC,
1274,CLOCKSS,Controlled LOCKSS (see LOCKSS),,International,LAUC,
1275,CMS,Cataloging and Metadata Services,,UCSB Library,LAUC,
1276,CMS,course management software,,,LAUC,
1277,CMS,citation management software,,,LAUC,
1278,CNI,Coalition for Networked Information,,International,LAUC,
1279,CoUL,Council of University Librarians,,UC Libraries,LAUC,
1280,COUNTER,Counting Online Usage of Networked Electronic Resources,,International,LAUC,
1281,CREATE,Center for Research in Electronic Art Technology,,UCSB Music Dept,LAUC,
1282,CRes,Course Reserves,,UCSB Library,LAUC,
1283,CRIR,Council on Research and Instructional Resources,,UCSB Academic Senate,LAUC,
1284,CRL,Center for Research Libraries,,International,LAUC,
1285,CSD,Collection Services Division,,UCSB Library,LAUC,
1286,CSL,California State Library,,State,LAUC,
1287,CTD,call to discard,,,LAUC,
1288,CTN,Colección Tloque Nahuaque,,UCSB Library – EGSL,LAUC,
1289,CUE,Coalition of University Employees,,UC,LAUC,
1290,DACS,Describing Archives: A Content Standard,,Society of American Archivists,LAUC,
1291,DAM,digital asset management,,,LAUC,
1292,DMP,Data Management Plan,,CDL,LAUC,
1293,DOI,digital object identifier,,,LAUC,
1294,DPR,Digital Preservation Repository,,CDL,LAUC,
1295,DSR,Departmental Safety Representative,,UCSB – EHS,LAUC,
1296,EAD,Encoded Archival Description,,Library of Congress,LAUC,
1297,EDI,electronic data interchange,,,LAUC,
1298,EDVR,Encyclopedic Discography of Victor Recordings,,UCSB Library,LAUC,
1299,EGSL,Ethnic and Gender Studies Library,,UCSB Library,LAUC,
1300,EHS,Environmental Health and Safety,,UCSB,LAUC,
1301,EL,Ex Libris,,International,LAUC,
1302,ERES,Electronic Reserves,,UCSB Library,LAUC,
1303,ERMS,electronic resources management system,,,LAUC,
1304,ETDs,electronic theses and dissertations,,,LAUC,
1305,EVC,Executive Vice Chancellor,,UCSB,LAUC,
1306,EZID,Easy ID (long-term digital identifier),,CDL,LAUC,
1307,FAST,Faceted Application of Subject Terminology,,OCLC,LAUC,
1308,FRBR,Functional Requirements for Bibliographic Records,,IFLA,LAUC,
1309,GIC,Government Information Center,,UCSB Library,LAUC,
1310,HOPS,Heads of Public Services,,SOPAG,LAUC,
1311,HOS,Heads of Systems (replaced by LTAG),,SOPAG,LAUC,
1312,HOSC,Heads of Special Collections,,SOPAG – CDC,LAUC,
1313,HOTS,Heads of Technical Services,,SOPAG,LAUC,
1314,IAG,Interlibrary Loan Advisory Group,,SOPAG – RSC,LAUC,
1315,ICOLC,International Coalition of Library Consortia,,International,LAUC,
1316,IHC,Interdisciplinary Humanities Center,,UCSB,LAUC,
1317,IL,information literacy,,,LAUC,
1318,ILL,Interlibrary Loan,,,LAUC,
1319,ILS,integrated library system (e.g. ALEPH),,,LAUC,
1320,ISO,International Organization for Standardization,,,LAUC,
1321,ISRAC,Image Services Rollout Advisory Committee,,SOPAG – HOPS,LAUC,
1322,ISTL,Issues in Science and Technology Librarianship,,ALA – ACRL – STS,LAUC,
1323,JSC,Joint Steering Committee on Shared Collections,,CDL,LAUC,
1324,LAUC,Librarians Association of the University of California,,UC,LAUC,
1325,LAUC-SB,Librarians Association of the University of California – Santa Barbara,,UCSB Library,LAUC,
1326,LC,Library of Congress,,USA,LAUC,
1327,LCGFT,Library of Congress Genre/Form Terms,,Library of Congress,LAUC,
1328,LCMPT,Library of Congress Medium of Performance Thesaurus,,Library of Congress,LAUC,
1329,LCSH,Library of Congress Subject Headings,,Library of Congress,LAUC,
1330,LHR,local holdings record,,,LAUC,
1331,LIT,Library Instruction Team,,UCSB Library,LAUC,
1332,LITA,Library and Information Technology Association,,ALA,LAUC,
1333,LLAMA,Library Leadership and Management Association,,ALA,LAUC,
1334,LOCKSS,Lots of Copies Keep Stuff Safe,,International,LAUC,
1335,LOM,learning object metadata,,,LAUC,
1336,LTAG,Library Technology Advisory Group (replaced Heads of Systems [HOS]),,SOPAG,LAUC,
1337,MAG,Melvyl Advisory Group,,SOPAG,LAUC,
1338,MARC,Machine-Readable Cataloging,,International,LAUC,
1339,METS,Metadata Encoding and Transmission Standard,,Library of Congress,LAUC,
1340,MIL,Map and Imagery Laboratory,,UCSB Library,LAUC,
1341,MLA,Modern Language Association,,National,LAUC,
1342,MLA,Music Library Association,,National,LAUC,
1343,MODS,Metadata Encoding and Transmission Standard,,Library of Congress,LAUC,
1344,MOL,Melvyl Operations Liaisons,,"SOPAG, CDL",LAUC,
1345,MOT,Melvyl Operations Team,,CDL,LAUC,
1346,MOU,"Memorandum of Understanding, Professional Librarians Unit, American Federation of Teachers",,UC,LAUC,
1347,MPLP,"more product, less process",,,LAUC,
1348,NDIPP,National Digital Information Infrastructure and Preservation Program,,Library of Congress,LAUC,
1349,NGDA,National Geospatial Digital Archive,,UCSB and other partners,LAUC,
1350,NGTS,Next Generation Technical Services,,UC Libraries,LAUC,
1351,NISO,National Information Standards Organization,,National,LAUC,
1352,NRLF,Northern Regional Library Facility,,UC Libraries,LAUC,
1353,OAC,Online Archive of California,,California,LAUC,
1354,OCA,Open Content Alliance,,International,LAUC,
1355,OCLC,Online Computer Library Center,,International,LAUC,
1356,OIT,Office of Information Technology,,UCSB,LAUC,
1357,OPAC,online public access catalog,,,LAUC,
1358,ORU,organized research unit,,,LAUC,
1359,OSC,Office of Scholarly Communication,,UC,LAUC,
1360,PAG,Preservation Advisory Group,,SOPAG – CDC,LAUC,
1361,PCC,Program for Cooperative Cataloging,,Library of Congress,LAUC,
1362,PID,persistent identifier,,,LAUC,
1363,PDA,patron driven acquisition,,,LAUC,
1364,PIR,patron initiated request,,,LAUC,
1365,POTs,Power of Three groups,,UC Libraries – NGTS,LAUC,
1366,PURL,persistent uniform resource locator,,,LAUC,
1367,RDA,Resource Description and Access,,International,LAUC,
1368,RL,Resource Liaison,,CDL,LAUC,
1369,RLF,Regional Library Facilities (NRLF and SRLF),,UC Libraries,LAUC,
1370,RLG,Research Libraries Group (merged with OCLC),,,LAUC,
1371,RLUK,Research Libraries UK,,United Kingdom,LAUC,
1372,RPD,Research and Professional Development Committee,,LAUC-SB,LAUC,
1373,RSC,Resource Sharing Committee,,SOPAG,LAUC,
1374,RUSA,Reference and User Services Association,,ALA,LAUC,
1375,SAA,Society of American Archivists,,,LAUC,
1376,SCA,Society of Californian Archivists,,,LAUC,
1377,SCIL,Southern California Instruction Librarians,,CARL (California Academic and Research Libraries),LAUC,
1378,SCO,Scholarly Communication Officers,,SOPAG,LAUC,
1379,SCP,Shared Cataloging Program,,CDL,LAUC,
1380,SEL,Sciences-Engineering Library,,UCSB Library,LAUC,
1381,SFX,SFX (trademark) i.e. UCeLinks,,International,LAUC,
1382,SLA,Special Libraries Association,,International,LAUC,
1383,SLASIAC,Systemwide Library and Scholarly Information Advisory Committee,,UCOP,LAUC,
1384,SLFB,Shared Library Facilities Board,,UC Libraries,LAUC,
1385,SMCG,Shared Monographs Coordinating Group,,SOPAG – CDC,LAUC,
1386,SNIP,Source-Normalized Impact Factor per Paper,,,LAUC,
1387,SOPAG,Systemwide Operations and Planning Advisory Group,,UC Libraries – CoUL,LAUC,
1388,SPARC,Scholarly Publishing & Academic Resources Coalition,,ARL,LAUC,
1389,SPIP,shared print in place,,,LAUC,
1390,SRLF,Southern Regional Library Facility,,UC Libraries,LAUC,
1391,SSHA,Social Sciences and Humanities approval plan,,UCSB Library with YBP,LAUC,
1392,STAP,Sciences and Technology approval plan (deactivated),,UCSB Library with YBP,LAUC,
1393,STEP,Summer Transitional Enrichment Program,,UCSB,LAUC,
1394,SUSHI,Standardized Usage Statistics Harvesting Initiative,,NISO,LAUC,
1395,SWOT,"strengths, weaknesses, opportunities, threats",,,LAUC,
1396,TF,task force,,,LAUC,
1397,TSAG,Technical Services Administrative Group,,UCSB Library,LAUC,
1398,UC3,University of California Curation Center,,CDL,LAUC,
1399,UCAC,UC Archivists Council,,SOPAG – CDC,LAUC,
1400,UC-AFT,University Council – American Federation of Teachers,,UC,LAUC,
1401,UCEN,University Center,,UCSB,LAUC,
1402,UCL,University of California library planning groups,,UC Libraries,LAUC,
1403,UCOLASC,University Committee on Library and Scholarly Communication,,UC – Academic Senate,LAUC,
1404,UCOP,University of California Office of the President,,UC,LAUC,
1405,UCSEL,University of California Science and Engineering Librarians,,UC Libraries,LAUC,
1406,UL,University Librarian,,,LAUC,
1407,UPTE,University Professional and Technical Employees,,CWA,LAUC,
1408,VDX,Virtual Document eXchange,,OCLC,LAUC,
1409,VLE,virtual learning environment,,,LAUC,
1410,VPN,virtual private network,,,LAUC,
1411,VRA,Visual Resources Association,,,LAUC,
1412,WAS,Web Archiving Service,,CDL,LAUC,
1413,WASC,Western Association of Schools and Colleges,,,LAUC,
1414,WEST,Western Regional Storage Trust,,Western U.S.,LAUC,
1415,WOM,"Committee on Welcoming, Orientation, and Mentoring",,LAUC-SB – CAAR,LAUC,
1416,YBP,Yankee Book Peddler,,book vendor for UCSB Library,LAUC,
1417,A&I,abstracting and indexing services,terms describing many electronic databases used by libraries,,University of Memphis,
1418,AACR,Anglo-American Cataloguing Rules,,,University of Memphis,
1419,ALCTS,Association for Library Collections & Technical Services,a division of the American Library Association,,University of Memphis,
1420,ANSCR,The Alpha-Numeric System for Classification of Recordings,composed of 46 major categories into which all sound recordings are organized,"California State University, Los Angeles",University of Memphis,
1421,ANSI,American National Standards Institute,"a private, non-profit organization that administers and coordinates administers the U.S. voluntary standardization and conformity assessment system, including many library and publishing standards",,University of Memphis,
1422,BGN,U. S. Board on Geographic Names,,,University of Memphis,
1423,BIBCO,the monographic bibliographic record component of the Library of Congress' Program for Cooperative Cataloging,,,University of Memphis,
1424,CC:AAM,Committee on Cataloging,Asian and African Materials of ALCTS/ALA,,University of Memphis,
1425,CC:DA,Committee on Cataloging,Description and Access of ALCTS/ALA,,University of Memphis,
1426,CCL,Common Command Language,,,University of Memphis,
1427,CaMMS,Cataloging and Metadata Management Section (CaMMS) of ALCTS/ALA,,,University of Memphis,
1428,CDS,the Library of Congress' Cataloging Distribution Service for bibliographic products and services,,,University of Memphis,
1429,CIP,Cataloging in Publication Program,a cooperative program by Library of Congress and numerous publishers to catalog/classify books prior to publication and print a major portion of the cataloging record on the back of the title page (verso) when published,,University of Memphis,
1430,CLSI,"Computer Library Systems, Inc.",firm that provided the University of Memphis' first online catalog software,,University of Memphis,
1431,CONNEXION,OCLC Connexion,"Integrated Online Cataloging, software available free to OCLC member libraries",,University of Memphis,
1432,CONSER,cooperative online serials,"the Cooperative Serials Cataloging Program, a component of the Library of Congress' Program for Cooperative Cataloging",,University of Memphis,
1433,CORC,OCLC's Cooperative Online Resource Catalog,"a system available to full or partial OCLC members for creating bibliographic records and ""pathfinders"" for electronic resources",,University of Memphis,
1434,DDC,Dewey Decimal Classification system,created originally by Melvil Dewey to organize library books by subject; also denotes shelf location,,University of Memphis,
1435,EAD,Encoded Archival Description,a machine-readable standard for archivists,,University of Memphis,
1436,FRBR,Functional Requirements for Bibliographic Records (FRBR),,,University of Memphis,
1437,GMD,general material designation,"described in the Anglo-American Cataloging Rules that identifies the format of material described in a cataloging record, e.g., videorecording",,University of Memphis,
1438,GPO,"the U.S. Government Printing Office, Washington, DC",one of the largest publishers in the world,,University of Memphis,
1439,GSR,global search and replace,a powerful command in electronic databases that permits a single programming statement to effect changes in multiple records,,University of Memphis,
1440,IBC,initial bibliographic control,term used by the Library of Congress to identify all acquisitions and pre-cataloging work performed on material prior to its final cataloging,,University of Memphis,
1441,IFLA,International Federation of Library Associations and Institutions,,,University of Memphis,
1442,III,"INNOVATIVE INTERFACES, INC.","designer and supplier of Millennium integrated library system (ILS), integrated library system software used by the University of Memphis.",,University of Memphis,
1443,ILL,inter-library loan,a voluntary program among libraries to loan material to each other,,University of Memphis,
1444,ILS,integrated library system,"software that integrates several distinct library applications, e.g., acquisitions, cataloging, circulation, reserve room, serials); a more recent variation is ""LMS,"" for library management system",,University of Memphis,
1445,ISBD (G),"International Standard Bibliographic Description, General","a format used for bibliographic data in the descriptive text of a cataloging record, e. g. punctuation, spacing. As of 2011 all formats were consolidated into one area.",,University of Memphis,
1446,ISBN,International Standard Book Number,a unique machine-readable number assigned to a particular edition or volumes of a book by a publisher to facilitate distribution and sales.,,University of Memphis,
1447,ISSN,International Standard Serials Number,a unique number assigned to a distinctive serial title by a publisher to facilitate distribution and sales,,University of Memphis,
1448,JSC,Joint Steering Committee,,,University of Memphis,
1449,LC,"Library of Congress, Washington, DC",serves not only as the national library of the U.S. but performs many valuable services for libraries throughout the world,,University of Memphis,
1450,LCRI,Library of Congress Rules Interpretations,decisions made on how to interpret and apply parts of the Anglo-American Cataloging Rules,,University of Memphis,
1451,LCSH,Library of Congress Subject Headings,,,University of Memphis,
1452,LITA,Library and Information Technology Association,a division of the American Library Association,,University of Memphis,
1453,LMS,library management system,"software that integrates several distinct library applications, e.g., acquisitions, cataloging, circulation, reserve room, serials); also called an ILS, integrated library system",,University of Memphis,
1454,MARBI,Machine-Readable Bibliographic Information,"an American Library Association interdivisional organization associated with ALCTS, LITA, and RUSA",,University of Memphis,
1455,MARC,Machine-Readable Cataloging,,,University of Memphis,
1456,MeSh,Medical Subject Headings,,,University of Memphis,
1457,METS,Metadata Encoding and Transmission Standard,rules for tying digital objects and their metadata together,,University of Memphis,
1458,MFHD,MARC Format for Holdings Display,,,University of Memphis,
1459,NA,name authority,standard for the unique form of an personal or corporate name for use in a library catalog,,University of Memphis,
1460,NACO,the name authority component of the Library of Congress' Program for Cooperative Cataloging,,,University of Memphis,
1461,NAL,"National Agricultural Library, Washington, DC",,,University of Memphis,
1462,NetCat,Network cataloging,"module of the DRA integrated library system used for adding, editing, and deleting machine-readable cataloging records",,University of Memphis,
1463,NISO,National Information Standards Organization,"accredited by the American National Standards Institute, formulates technical standards affecting the management of information in libraries",,University of Memphis,
1464,NLM,"National Library of Medicine, Bethesda, Maryland",,,University of Memphis,
1465,NSDP,the  National Serials Data Program at the Library of Congress,,,University of Memphis,
1466,NUC,National Union Catalog,"cataloging records produced by many libraries, reduced in size, and edited for publication for several decades by the Library of Congress prior to the advent of online electronic records",,University of Memphis,
1467,NUCMC,National Union Catalog of Manuscript Collections,a cooperative cataloging program operated by the Library of Congress,,University of Memphis,
1468,OAI,Open Archives Initiative,"a collaborative research project to find ways to collect metadata from many servers in distant places and aggregate the metadata so that technical reports, image collections, and other material formerly unavailable to Internet search engines can be discovered and used by scholars",,University of Memphis,
1469,OCLC,Online Computer Library Center,"a cooperative of thousands of libraries that holds, preserves, and facilitates the exchange of machine-readable cataloging records (originally known as the Ohio College Library Center, the members of which are owed a debt of gratitude by librarians all over the world)",,University of Memphis,
1470,OLAC,Open Language Archives Community,,,University of Memphis,
1471,OLAC,Online AudioVisual Catalogers,,,University of Memphis,
1472,ONIX,Online Information eXchange,"used by publishers to distribute electronic product information to a variety of users, including to libraries where ONIX files can be accessed through some online catalogs",,University of Memphis,
1473,PCC,the Program for Cooperative Cataloging at the Library of Congress,,,University of Memphis,
1474,PINYIN CONVERSION,,"Change in Romanization of Chinese characters from the Wade-Giles system, used for a century by most American libraries, to the Pinyin system.  As of October 1, 2000, the Library of Congress began using Pinyin in all new cataloging records",,University of Memphis,
1475,PMH,Protocol for Metadata Harvesting,,,University of Memphis,
1476,PURL,persistent uniform resource locator,for documents on the World Wide Web; can be entered into a browser to locate the current URL for a document for which the address may have changed,,University of Memphis,
1477,RDF,Resource Description Framework,,,University of Memphis,
1478,RFP,Request for Proposal,a description of a project to which vendors are asked to respond with specifications and price quotations; libraries that are searching for a new integrated library system frequently use this document to evaluate competing bids,,University of Memphis,
1479,SA,subject authority,standard for the unique form of a subject heading used in a library catalog,,University of Memphis,
1480,SACO,the subject authority component of the Library of Congress' Program for Cooperative Cataloging,,,University of Memphis,
1481,SAR,series authority record,,,University of Memphis,
1482,SCCTP,Serials Cataloging Cooperative Training Program at the Library of Congress,,,University of Memphis,
1483,Sierra ILS,"Integrated library system (ILS) software used by the University of Memphis; designed and supplied by INNOVATIVE INTERFACES, INC.",University of Memphis,,University of Memphis,
1484,SIRSI,firm specializing in integrated library system (ILS) software,,,University of Memphis,
1485,TEI,Text Encoding Initiative,,,University of Memphis,
1486,URL,uniform resource locator,the global address of a document on the World Wide Web,,University of Memphis,
1487,XML,extensible markup language,,,University of Memphis,
1488,Z39.50,National Information Standards Organization's standard developed for the interaction of databases with different structures,,,University of Memphis,
